,,,,,,,,PRE-CP,,,,,,,,POST-CP,,,,,,IMPROVEMENT,,
Group,Method,Backbone,Dataset,NUM_DATA,model_size,WANDB LINK,RESPONSIBLE,knn_f1_mean,knn_f1_std,linear_f1_mean,linear_f1_std,finetune_f1_mean,finetune_f1_std,WANDB LINK,RESPONSIBLE,knn_f1_mean,knn_f1_std,linear_f1_mean,linear_f1_std,finetune_f1_mean,finetune_f1_std,knn_f1_improvement_mean,lp_f1_improvement_mean,ft_f1_improvement
CP,LeJEPA-CP,DINOv3,DermaMNIST,100,ViT-B,https://wandb.ai/haodoz0118-brown-university/pre-cp-dinov3-dermamnist?nw=nwuserhaodoz0118,haodong,0.1197,0.0046,0.2820,0.0209,0.3215,0.0246,,haodong,0.119675,0.004580,0.286029,0.027148,0.345050,0.043298,0.0000,0.0040,0.0236
,LeJEPA-CP,DINOv3,DermaMNIST,500,ViT-B,https://wandb.ai/haodoz0118-brown-university/pre-cp-dinov3-dermamnist?nw=nwuserhaodoz0118,haodong,0.2052,0.0210,0.4087,0.0189,0.5441,0.0402,,haodong,0.250541,0.013017,0.397737,0.035046,0.520188,0.036363,0.0453,-0.0110,-0.0239
,LeJEPA-CP,DINOv3,DermaMNIST,1000,ViT-B,https://wandb.ai/haodoz0118-brown-university/pre-cp-dinov3-dermamnist?nw=nwuserhaodoz0118,haodong,0.2604,0.0090,0.4693,0.0517,0.6263,0.0148,,haodong,0.321309,0.009866,0.488418,0.030743,0.595749,0.021014,0.0609,0.0191,-0.0306
,LeJEPA-CP,DINOv3,DermaMNIST,MAX (7007),ViT-B,https://wandb.ai/haodoz0118-brown-university/pre-cp-dinov3-dermamnist?nw=nwuserhaodoz0118,haodong,0.4542,0.0000,0.6332,0.0099,0.8596,0.0122,,haodong,0.531233,0.006757,0.665094,0.027334,0.867444,0.007647,0.0770,0.0319,0.0078
,LeJEPA-CP,MAE,DermaMNIST,1000,ViT-B,https://wandb.ai/haodoz0118-brown-university/pre-cp-mae-dermamnist?nw=nwuserhaodoz0118,haodong,0.2170,0.0015,0.3221,0.0280,0.5498,0.0217,,haodong,0.282907,0.013332,0.344223,0.019876,0.549085,0.030020,0.0659,0.0221,-0.0007
,LeJEPA-CP,MAE,DermaMNIST,       MAX (7007),ViT-B,https://wandb.ai/haodoz0118-brown-university/pre-cp-mae-dermamnist?nw=nwuserhaodoz0118,haodong,0.2668,0.0000,0.3248,0.0076,0.8340,0.0123,,haodong,0.378321,0.002285,0.408379,0.026508,0.828303,0.003177,0.1115,0.0836,-0.0057
,LeJEPA-CP,CLIP,DermaMNIST,1000,ViT-B,https://wandb.ai/haodoz0118-brown-university/pre-cp-clip-dermamnist,haodong,0.2708,0.0150,0.3858,0.0343,0.5453,0.0198,,haodong,0.305619,0.022769,0.363708,0.023811,0.549658,0.001987,0.0348,-0.0221,0.0044
,LeJEPA-CP,CLIP,DermaMNIST,MAX (7007),ViT-B,https://wandb.ai/haodoz0118-brown-university/pre-cp-clip-dermamnist,haodong,0.4226,0.0000,0.4660,0.0113,0.7890,0.0102,,haodong,0.439048,0.005443,0.471502,0.010918,0.813892,0.014783,0.0164,0.0055,0.0249
,LeJEPA-CP,DINOv3,BreastMNIST,100,ViT-B,https://wandb.ai/haodoz0118-brown-university/pre-cp-dinov3-breastmnist,haodong,0.5667,0.0646,0.7060,0.0503,0.8076,0.0074,,haodong,0.566656,0.064563,0.671924,0.063645,0.789888,0.014385,0.0000,-0.0341,-0.0177
,LeJEPA-CP,DINOv3,BreastMNIST,500,ViT-B,https://wandb.ai/haodoz0118-brown-university/pre-cp-dinov3-breastmnist,haodong,0.7919,0.0077,0.7677,0.0438,0.8974,0.0086,,haodong,0.873902,0.005577,0.845075,0.025984,0.889007,0.013676,0.0820,0.0774,-0.0084
,LeJEPA-CP,DINOv3,BreastMNIST,MAX(546),ViT-B,https://wandb.ai/haodoz0118-brown-university/pre-cp-dinov3-breastmnist,haodong,0.8051,0.0000,0.7801,0.0312,0.8940,0.0196,,haodong,0.877794,0.010476,0.848534,0.010945,0.901297,0.013846,0.0727,0.0684,0.0073
,LeJEPA-CP,MAE,BreastMNIST,100,ViT-B,https://wandb.ai/haodoz0118-brown-university/pre-cp-mae-breastmnist,haodong,0.5441,0.0325,0.6302,0.1017,0.7776,0.0343,,haodong,0.544136,0.032462,0.610239,0.070345,0.761153,0.021014,0.0000,-0.0200,-0.0164
,LeJEPA-CP,MAE,BreastMNIST,MAX(546),ViT-B,https://wandb.ai/haodoz0118-brown-university/pre-cp-mae-breastmnist,haodong,0.7310,0.0000,0.6741,0.0565,0.8802,0.0167,,haodong,0.788023,0.008123,0.749518,0.029402,0.893535,0.009705,0.0570,0.0754,0.0133
,LeJEPA-CP,CLIP,BreastMNIST,100,ViT-B,https://wandb.ai/haodoz0118-brown-university/pre-cp-clip-breastmnist,haodong,0.4296,0.0128,0.6676,0.0393,0.7061,0.0511,,haodong,0.429605,0.012786,0.637485,0.032410,0.779534,0.040510,0.0000,-0.0301,0.0734
,LeJEPA-CP,CLIP,BreastMNIST,MAX(546),ViT-B,https://wandb.ai/haodoz0118-brown-university/pre-cp-clip-breastmnist,haodong,0.6083,0.0000,0.6750,0.0476,0.8665,0.0121,,haodong,0.786983,0.006930,0.816963,0.011537,0.884234,0.007364,0.1787,0.1420,0.0177
,LeJEPA-CP,DINOv3,OCTMNIST,100,ViT-B,https://wandb.ai/haodoz0118-brown-university/pre-cp-dinov3-octmnist,haodong,0.3050,0.0085,0.4850,0.0653,0.7688,0.0632,,haodong,0.305022,0.008506,0.513093,0.017875,0.700245,0.031781,0.0000,0.0281,-0.0686
,LeJEPA-CP,DINOv3,OCTMNIST,500,ViT-B,https://wandb.ai/haodoz0118-brown-university/pre-cp-dinov3-octmnist,haodong,0.3858,0.0392,0.6612,0.0409,0.8398,0.0275,,haodong,0.670280,0.016818,0.822157,0.026349,0.834677,0.037203,0.2845,0.1610,-0.0051
,LeJEPA-CP,DINOv3,OCTMNIST,1000,ViT-B,https://wandb.ai/haodoz0118-brown-university/pre-cp-dinov3-octmnist,haodong,0.4329,0.0396,0.7221,0.0287,0.8772,0.0228,,haodong,0.738024,0.008979,0.798267,0.036996,0.856771,0.021867,0.3051,0.0762,-0.0204
,LeJEPA-CP,DINOv3,OCTMNIST,10000,ViT-B,https://wandb.ai/haodoz0118-brown-university/pre-cp-dinov3-octmnist,haodong,0.5907,0.0167,0.7297,0.0170,0.8904,0.0049,,haodong,0.758840,0.014859,0.861881,0.007127,0.898243,0.009800,0.1681,0.1322,0.0078
,LeJEPA-CP,DINOv3,OCTMNIST,25000,ViT-B,https://wandb.ai/haodoz0118-brown-university/pre-cp-dinov3-octmnist,haodong,0.6411,0.0082,0.7402,0.0175,0.9033,0.0042,,haodong,0.777076,0.021969,0.876060,0.015195,0.909207,0.004859,0.1360,0.1359,0.0059
,LeJEPA-CP,DINOv3,OCTMNIST,MAX (97477),ViT-B,https://wandb.ai/haodoz0118-brown-university/pre-cp-dinov3-octmnist,haodong,0.6862,0.0000,0.7679,0.0072,0.9200,0.0125,,haodong,0.717506,0.031433,0.875652,0.018933,0.91083,0.002155,0.0313,0.1077,-0.0092
,LeJEPA-CP,MAE,OCTMNIST,1000,ViT-B,https://wandb.ai/haodoz0118-brown-university/pre-cp-mae-octmnist,haodong,0.2545,0.0067,0.4639,0.0160,0.8806,0.0025,,haodong,0.408134,0.038563,0.647887,0.114410,0.856725,0.017065,0.1536,0.1840,-0.0239
,LeJEPA-CP,MAE,OCTMNIST,MAX (97477),ViT-B,https://wandb.ai/haodoz0118-brown-university/pre-cp-mae-octmnist,haodong,0.2953,0.0000,0.4948,0.0018,0.9183,0.0063,,haodong,0.695671,0.028253,0.871286,0.021603,0.914174,0.006914,0.4004,0.3765,-0.0041
,LeJEPA-CP,CLIP,OCTMNIST,1000,ViT-B,https://wandb.ai/haodoz0118-brown-university/pre-cp-clip-octmnist,haodong,0.2818,0.0148,0.5313,0.0287,0.8512,0.0070,,haodong,0.472506,0.017165,0.680656,0.041745,0.770009,0.040486,0.1907,0.1494,-0.0812
,LeJEPA-CP,CLIP,OCTMNIST,MAX (97477),ViT-B,https://wandb.ai/haodoz0118-brown-university/pre-cp-clip-octmnist,haodong,0.4061,0.0000,0.5955,0.0109,0.9132,0.0102,,haodong,0.699665,0.011333,0.825983,0.025658,0.911904,0.01379,0.2936,0.2305,-0.0013
,LeJEPA-CP,DINOv3,OrganAMNIST,100,ViT-B,https://wandb.ai/haodoz0118-brown-university/pre-cp-dinov3-organamnist,haodong,0.4847,0.0148,0.5369,0.0134,0.6611,0.0250,,haodong,0.484677,0.014793,0.525066,0.029630,0.598232,0.013314,0.0000,-0.0118,-0.0629
,LeJEPA-CP,DINOv3,OrganAMNIST,500,ViT-B,https://wandb.ai/haodoz0118-brown-university/pre-cp-dinov3-organamnist,haodong,0.7393,0.0110,0.6872,0.0247,0.7919,0.0155,,haodong,0.732202,0.016392,0.717601,0.015859,0.743219,0.009060,-0.0071,0.0304,-0.0487
,LeJEPA-CP,DINOv3,OrganAMNIST,1000,ViT-B,https://wandb.ai/haodoz0118-brown-university/pre-cp-dinov3-organamnist,haodong,0.7776,0.0022,0.7112,0.0119,0.8575,0.0061,,haodong,0.775868,0.013954,0.753398,0.013929,0.791628,0.012536,-0.0017,0.0422,-0.0659
,LeJEPA-CP,DINOv3,OrganAMNIST,10000,ViT-B,https://wandb.ai/haodoz0118-brown-university/pre-cp-dinov3-organamnist,haodong,0.8586,0.0021,0.8180,0.0064,0.9080,0.0038,,haodong,0.864051,0.014547,0.829229,0.022433,0.879199,0.001364,0.0055,0.0112,-0.0288
,LeJEPA-CP,DINOv3,OrganAMNIST,25000,ViT-B,https://wandb.ai/haodoz0118-brown-university/pre-cp-dinov3-organamnist,haodong,0.8754,0.0025,0.8310,0.0011,0.9232,0.0072,,haodong,0.882403,0.008377,0.837572,0.013996,0.884356,0.003987,0.0070,0.0066,-0.0388
,LeJEPA-CP,DINOv3,OrganAMNIST,MAX (34561),ViT-B,https://wandb.ai/haodoz0118-brown-university/pre-cp-dinov3-organamnist,haodong,0.8779,0.0000,0.8325,0.0026,0.9416,0.0041,,haodong,0.888295,0.003642,0.845521,0.007749,0.910348,0.000350,0.0104,0.0130,-0.0313
,LeJEPA-CP,MAE,OrganAMNIST,1000,ViT-B,https://wandb.ai/haodoz0118-brown-university/pre-cp-mae-organamnist,haodong,0.7270,0.0126,0.5888,0.0182,0.8305,0.0057,,haodong,0.773175,0.026234,0.727120,0.024378,0.815007,0.005398,0.0462,0.1383,-0.0155
,LeJEPA-CP,MAE,OrganAMNIST,MAX (34561),ViT-B,https://wandb.ai/haodoz0118-brown-university/pre-cp-mae-organamnist,haodong,0.8229,0.0000,0.6069,0.0093,0.9034,0.0038,,haodong,0.891655,0.002161,0.872220,0.006521,0.910042,0.001674,0.0688,0.2653,0.0066
,LeJEPA-CP,CLIP,OrganAMNIST,1000,ViT-B,https://wandb.ai/haodoz0118-brown-university/pre-cp-clip-organamnist,haodong,0.6818,0.0010,0.5531,0.0353,0.8187,0.0055,,haodong,0.705652,0.003195,0.666653,0.026883,0.770364,0.004466,0.0239,0.1136,-0.0483
,LeJEPA-CP,CLIP,OrganAMNIST,MAX (34561),ViT-B,https://wandb.ai/haodoz0118-brown-university/pre-cp-clip-organamnist,haodong,0.7975,0.0000,0.6371,0.0052,0.8878,0.0039,,haodong,0.869678,0.001505,0.841594,0.008168,0.922032,0.009231,0.0722,0.2045,0.0342
,LeJEPA-CP,DINOv3,PathMNIST,100,ViT-B,https://wandb.ai/haodoz0118-brown-university/pre-cp-dinov3-pathmnist,haodong,0.6509,0.0697,0.7634,0.0359,0.8757,0.0232,,haodong,0.650940,0.069660,0.797597,0.028762,0.872365,0.015951,0.0000,0.0342,-0.0033
,LeJEPA-CP,DINOv3,PathMNIST,500,ViT-B,https://wandb.ai/haodoz0118-brown-university/pre-cp-dinov3-pathmnist,haodong,0.7928,0.0148,0.8557,0.0054,0.9304,0.0110,,haodong,0.874909,0.019213,0.896340,0.005266,0.911304,0.005459,0.0821,0.0406,-0.0191
,LeJEPA-CP,DINOv3,PathMNIST,1000,ViT-B,https://wandb.ai/haodoz0118-brown-university/pre-cp-dinov3-pathmnist,haodong,0.8154,0.0050,0.8648,0.0116,0.9334,0.0061,,haodong,0.902394,0.006082,0.896750,0.009839,0.920234,0.002959,0.0870,0.0320,-0.0132
,LeJEPA-CP,DINOv3,PathMNIST,10000,ViT-B,https://wandb.ai/haodoz0118-brown-university/pre-cp-dinov3-pathmnist,haodong,0.8702,0.0006,0.8940,0.0026,0.9502,0.0101,,haodong,0.916776,0.003096,0.907882,0.004424,0.934091,0.001510,0.0466,0.0139,-0.0161
,LeJEPA-CP,DINOv3,PathMNIST,25000,ViT-B,https://wandb.ai/haodoz0118-brown-university/pre-cp-dinov3-pathmnist,haodong,0.8757,0.0004,0.8950,0.0020,0.9510,0.0042,,haodong,0.891986,0.006447,0.897518,0.0085,0.95155,0.005121,0.0163,0.0025,0.0005
,LeJEPA-CP,DINOv3,PathMNIST,MAX (89996),ViT-B,https://wandb.ai/haodoz0118-brown-university/pre-cp-dinov3-pathmnist,haodong,0.8840,0.0000,0.9036,0.0007,0.9488,0.0085,,haodong,0.885572,0.025901,0.892841,0.017768,0.950104,0.003906,0.0016,-0.0108,0.0013
,LeJEPA-CP,MAE,PathMNIST,1000,ViT-B,https://wandb.ai/haodoz0118-brown-university/pre-cp-mae-pathmnist,haodong,0.7183,0.0102,0.8440,0.0134,0.9277,0.0067,,haodong,0.814414,0.003148,0.866688,0.024068,0.912915,0.019655,0.0961,0.0227,-0.0148
,LeJEPA-CP,MAE,PathMNIST,MAX (89996),ViT-B,https://wandb.ai/haodoz0118-brown-university/pre-cp-mae-pathmnist,haodong,0.8374,0.0000,0.8865,0.0027,0.9415,0.0026,,haodong,0.887606,0.004445,0.8964,0.007181,0.947233,0.001158,0.0502,0.0099,0.0058
,LeJEPA-CP,CLIP,PathMNIST,1000,ViT-B,https://wandb.ai/haodoz0118-brown-university/pre-cp-clip-pathmnist,haodong,0.6999,0.0147,0.8151,0.0119,0.9255,0.0092,,haodong,0.855459,0.010426,0.879079,0.008818,0.913423,0.006540,0.1556,0.0640,-0.0121
,LeJEPA-CP,CLIP,PathMNIST,MAX (89996),ViT-B,https://wandb.ai/haodoz0118-brown-university/pre-cp-clip-pathmnist,haodong,0.8002,0.0000,0.8841,0.0019,0.9379,0.0030,,haodong,0.895756,0.009647,0.904680,0.009174,0.946719,0.001938,0.0956,0.0206,0.0088
,LeJEPA-CP,DINOv3,Galaxy10,100,ViT-B,https://wandb.ai/haodoz0118-brown-university/pre-cp-dinov3-galaxy10,haodong,0.3428,0.0348,0.3579,0.0339,0.5525,0.0290,,haodong,0.342774,0.034779,0.367472,0.019422,0.521264,0.009176,0.0000,0.0096,-0.0312
,LeJEPA-CP,DINOv3,Galaxy10,500,ViT-B,https://wandb.ai/haodoz0118-brown-university/pre-cp-dinov3-galaxy10,haodong,0.4434,0.0140,0.5107,0.0102,0.6738,0.0163,,haodong,0.449733,0.025644,0.556202,0.012566,0.648491,0.014937,0.0063,0.0455,-0.0253
,LeJEPA-CP,DINOv3,Galaxy10,1000,ViT-B,https://wandb.ai/haodoz0118-brown-university/pre-cp-dinov3-galaxy10,haodong,0.4652,0.0125,0.5612,0.0107,0.7145,0.0129,,haodong,0.485773,0.014530,0.615035,0.015143,0.691201,0.017361,0.0206,0.0538,-0.0233
,LeJEPA-CP,DINOv3,Galaxy10,10000,ViT-B,https://wandb.ai/haodoz0118-brown-university/pre-cp-dinov3-galaxy10,haodong,0.5450,0.0062,0.6058,0.0187,0.7994,0.0047,,haodong,0.636706,0.005396,0.726636,0.011003,0.793630,0.011407,0.0917,0.1208,-0.0058
,LeJEPA-CP,DINOv3,Galaxy10,MAX (14188),ViT-B,https://wandb.ai/haodoz0118-brown-university/pre-cp-dinov3-galaxy10,haodong,0.5625,0.0137,0.6122,0.0098,0.8016,0.0130,,haodong,0.652596,0.006044,0.735761,0.007176,0.795839,0.003635,0.0901,0.1236,-0.0058
,LeJEPA-CP,MAE,Galaxy10,1000,ViT-B,https://wandb.ai/haodoz0118-brown-university/pre-cp-mae-galaxy10,haodong,0.2518,0.0125,0.3265,0.0047,0.7058,0.0028,,haodong,0.420820,0.024476,0.476468,0.004980,0.677389,0.019129,0.1690,0.1500,-0.0284
,LeJEPA-CP,MAE,Galaxy10,MAX (14188),ViT-B,https://wandb.ai/haodoz0118-brown-university/pre-cp-mae-galaxy10,haodong,0.3415,0.0128,0.3587,0.0053,0.8133,0.0043,,haodong,0.588405,0.012134,0.633528,0.013467,0.797757,0.001876,0.2469,0.2748,-0.0155
,LeJEPA-CP,CLIP,Galaxy10,1000,ViT-B,https://wandb.ai/haodoz0118-brown-university/pre-cp-clip-galaxy10,haodong,0.3707,0.0123,0.3853,0.0331,0.6649,0.0057,,haodong,0.412639,0.010522,0.494582,0.004875,0.604495,0.009759,0.0419,0.1093,-0.0604
,LeJEPA-CP,CLIP,Galaxy10,MAX (14188),ViT-B,https://wandb.ai/haodoz0118-brown-university/pre-cp-clip-galaxy10,haodong,0.4428,0.0176,0.4569,0.0217,0.8074,0.0075,,haodong,0.608190,0.010640,0.658254,0.006871,0.776615,0.005254,0.1654,0.2014,-0.0308
,LeJEPA-CP,DINOv3,Food101,101,ViT-B,https://wandb.ai/haodoz0118-brown-university/pre-cp-diet-dinov3-food101?nw=nwuserhaodoz0118,haodong,0.5525,0.0227,0.4754,0.0081,0.2965,0.0058,,haodong,0.552462,0.022732,0.462746,0.001964,0.425440,0.015477,0.0000,-0.0127,0.1289
,LeJEPA-CP,DINOv3,Food101,500,ViT-B,https://wandb.ai/haodoz0118-brown-university/pre-cp-diet-dinov3-food101?nw=nwuserhaodoz0118,haodong,0.7098,0.0093,0.7803,0.0069,0.6546,0.0016,,haodong,0.553174,0.007469,0.698597,0.011332,0.745087,0.002821,-0.1566,-0.0817,0.0905
,LeJEPA-CP,DINOv3,Food101,1000,ViT-B,https://wandb.ai/haodoz0118-brown-university/pre-cp-diet-dinov3-food101?nw=nwuserhaodoz0118,haodong,0.7734,0.0049,0.8379,0.0034,0.7359,0.0072,,haodong,0.596534,0.010878,0.749225,0.007030,0.813220,0.004266,-0.1769,-0.0887,0.0773
,LeJEPA-CP,DINOv3,Food101,10000,ViT-B,https://wandb.ai/haodoz0118-brown-university/pre-cp-diet-dinov3-food101?nw=nwuserhaodoz0118,haodong,0.8741,0.0013,0.9115,0.0029,0.8583,0.0027,,haodong,0.760812,0.003379,0.839075,0.001777,0.905591,0.001323,-0.1133,-0.0724,0.0473
,LeJEPA-CP,DINOv3,Food101,25000,ViT-B,https://wandb.ai/haodoz0118-brown-university/pre-cp-diet-dinov3-food101?nw=nwuserhaodoz0118,haodong,0.8935,0.0026,0.9276,0.0010,0.8833,0.0038,,haodong,0.832077,0.002285,0.879313,0.002578,0.926638,0.001055,-0.0614,-0.0483,0.0433
,LeJEPA-CP,DINOv3,Food101,MAX (75750),ViT-B,https://wandb.ai/haodoz0118-brown-university/pre-cp-diet-dinov3-food101?nw=nwuserhaodoz0118,haodong,0.9124,0.0000,0.9381,0.0009,0.9033,0.0032,,haodong,0.854504,0.000606,0.886074,0.003513,0.897436,0.001265,-0.0579,-0.0520,-0.0058
,LeJEPA-CP,MAE,Food101,1000,ViT-B,https://wandb.ai/haodoz0118-brown-university/pre-cp-mae-food101?nw=nwuserhaodoz0118,haodong,0.0318,0.0005,0.1574,0.0054,0.3904,0.0089,,haodong,0.106992,0.006930,0.220585,0.003723,0.436635,0.003961,0.0752,0.0632,0.0462
,LeJEPA-CP,MAE,Food101,MAX (75750),ViT-B,https://wandb.ai/haodoz0118-brown-university/pre-cp-mae-food101?nw=nwuserhaodoz0118,haodong,0.1034,0.0000,0.4305,0.0014,0.8719,0.0015,,haodong,0.691866,0.003450,0.767025,0.002529,0.869632,0.001907,0.5885,0.3365,-0.0023
,LeJEPA-CP,CLIP,Food101,1000,ViT-B,https://wandb.ai/haodoz0118-brown-university/pre-cp-clip-food101?nw=nwuserhaodoz0118,haodong,0.6995,0.0083,0.7093,0.0064,0.4302,0.0034,,haodong,0.378327,0.018460,0.560009,0.014246,0.719534,0.014136,-0.3212,-0.1493,0.2893
,LeJEPA-CP,CLIP,Food101,MAX (75750),ViT-B,https://wandb.ai/haodoz0118-brown-university/pre-cp-clip-food101?nw=nwuserhaodoz0118,haodong,0.8683,0.0000,0.8933,0.0005,0.8496,0.0019,,haodong,0.729440,0.001047,0.771085,0.001751,0.849206,0.001124,-0.1389,-0.1222,-0.0004
,LeJEPA-CP,DINOv3,FGVC_Aircraft,100,ViT-B,https://wandb.ai/haodoz0118-brown-university/pre-cp-dinov3-fgvc_aircraft,haodong,0.3487,0.0199,0.2711,0.0132,0.1388,0.0056,,haodong,0.348728,0.019851,0.261274,0.011166,0.221177,0.008757,0.0000,-0.0098,0.0824
,LeJEPA-CP,DINOv3,FGVC_Aircraft,500,ViT-B,https://wandb.ai/haodoz0118-brown-university/pre-cp-dinov3-fgvc_aircraft,haodong,0.4463,0.0040,0.5199,0.0069,0.4658,0.0214,,haodong,0.271168,0.011829,0.399295,0.015572,0.530252,0.015147,-0.1751,-0.1206,0.0645
,LeJEPA-CP,DINOv3,FGVC_Aircraft,1000,ViT-B,https://wandb.ai/haodoz0118-brown-university/pre-cp-dinov3-fgvc_aircraft,haodong,0.5152,0.0013,0.6079,0.0158,0.6085,0.0113,,haodong,0.284166,0.005855,0.475175,0.019097,0.684346,0.012656,-0.2310,-0.1327,0.0758
,LeJEPA-CP,DINOv3,FGVC_Aircraft,MAX (3400),ViT-B,https://wandb.ai/haodoz0118-brown-university/pre-cp-dinov3-fgvc_aircraft,haodong,0.6239,0.0000,0.7258,0.0085,0.8005,0.0097,,haodong,0.309710,0.003229,0.491847,0.010364,0.829063,0.000985,-0.3142,-0.2340,0.0286
,LeJEPA-CP,MAE,FGVC_Aircraft,1000,ViT-B,https://wandb.ai/haodoz0118-brown-university/pre-cp-mae-fgvc_aircraft,haodong,0.0400,0.0024,0.0548,0.0020,0.3493,0.0180,,haodong,0.085274,0.008966,0.113862,0.002883,0.424040,0.006146,0.0453,0.0591,0.0747
,LeJEPA-CP,MAE,FGVC_Aircraft,MAX (3400),ViT-B,https://wandb.ai/haodoz0118-brown-university/pre-cp-mae-fgvc_aircraft,haodong,0.0511,0.0000,0.0820,0.0029,0.6742,0.0036,,haodong,0.194531,0.005740,0.246997,0.002771,0.705933,0.008522,0.1434,0.1650,0.0317
,LeJEPA-CP,CLIP,FGVC_Aircraft,1000,ViT-B,https://wandb.ai/haodoz0118-brown-university/pre-cp-clip-fgvc_aircraft,haodong,0.2792,0.0018,0.3050,0.0027,0.3789,0.0024,,haodong,0.204191,0.005704,0.262418,0.009466,0.409694,0.014279,-0.0750,-0.0426,0.0308
,LeJEPA-CP,CLIP,FGVC_Aircraft,MAX (3400),ViT-B,https://wandb.ai/haodoz0118-brown-university/pre-cp-clip-fgvc_aircraft,haodong,0.3512,0.0000,0.4038,0.0050,0.6053,0.0018,,haodong,0.267865,0.003360,0.283554,0.007570,0.671909,0.003392,-0.0833,-0.1202,0.0666
,,,,,,,,,,,,,,,,,,,,,,,,
,MAE-CP,DINOv3,DermaMNIST,100,ViT-B,https://wandb.ai/haodoz0118-brown-university/pre-cp-dinov3-dermamnist?nw=nwuserhaodoz0118,haodong,0.1197,0.0046,0.2820,0.0209,0.3215,0.0246,,haodong,,,,,,,,,
,MAE-CP,DINOv3,DermaMNIST,500,ViT-B,https://wandb.ai/haodoz0118-brown-university/pre-cp-dinov3-dermamnist?nw=nwuserhaodoz0118,haodong,0.2052,0.0210,0.4087,0.0189,0.5441,0.0402,,haodong,,,,,,,,,
,MAE-CP,DINOv3,DermaMNIST,1000,ViT-B,https://wandb.ai/haodoz0118-brown-university/pre-cp-dinov3-dermamnist?nw=nwuserhaodoz0118,haodong,0.2604,0.0090,0.4693,0.0517,0.6263,0.0148,,haodong,,,,,,,,,
,MAE-CP,DINOv3,DermaMNIST,MAX (7007),ViT-B,https://wandb.ai/haodoz0118-brown-university/pre-cp-dinov3-dermamnist?nw=nwuserhaodoz0118,haodong,0.4542,0.0000,0.6332,0.0099,0.8596,0.0122,,haodong,,,,,,,,,
,MAE-CP,MAE,DermaMNIST,1000,ViT-B,https://wandb.ai/haodoz0118-brown-university/pre-cp-mae-dermamnist?nw=nwuserhaodoz0118,haodong,0.2170,0.0015,0.3221,0.0280,0.5498,0.0217,,haodong,,,,,,,,,
,MAE-CP,MAE,DermaMNIST,MAX (7007),ViT-B,https://wandb.ai/haodoz0118-brown-university/pre-cp-mae-dermamnist?nw=nwuserhaodoz0118,haodong,0.2668,0.0000,0.3248,0.0076,0.8340,0.0123,,haodong,,,,,,,,,
,MAE-CP,CLIP,DermaMNIST,1000,ViT-B,https://wandb.ai/haodoz0118-brown-university/pre-cp-clip-dermamnist,haodong,0.2708,0.0150,0.3858,0.0343,0.5453,0.0198,,haodong,,,,,,,,,
,MAE-CP,CLIP,DermaMNIST,MAX (7007),ViT-B,https://wandb.ai/haodoz0118-brown-university/pre-cp-clip-dermamnist,haodong,0.4226,0.0000,0.4660,0.0113,0.7890,0.0102,,haodong,,,,,,,,,
,MAE-CP,DINOv3,BreastMNIST,100,ViT-B,https://wandb.ai/haodoz0118-brown-university/pre-cp-dinov3-breastmnist,haodong,0.5667,0.0646,0.7060,0.0503,0.8076,0.0074,,haodong,,,,,,,,,
,MAE-CP,DINOv3,BreastMNIST,500,ViT-B,https://wandb.ai/haodoz0118-brown-university/pre-cp-dinov3-breastmnist,haodong,0.7919,0.0077,0.7677,0.0438,0.8974,0.0086,,haodong,,,,,,,,,
,MAE-CP,DINOv3,BreastMNIST,MAX(546),ViT-B,https://wandb.ai/haodoz0118-brown-university/pre-cp-dinov3-breastmnist,haodong,0.8051,0.0000,0.7801,0.0312,0.8940,0.0196,,haodong,,,,,,,,,
,MAE-CP,MAE,BreastMNIST,100,ViT-B,https://wandb.ai/haodoz0118-brown-university/pre-cp-mae-breastmnist,haodong,0.5441,0.0325,0.6302,0.1017,0.7776,0.0343,,haodong,,,,,,,,,
,MAE-CP,MAE,BreastMNIST,MAX(546),ViT-B,https://wandb.ai/haodoz0118-brown-university/pre-cp-mae-breastmnist,haodong,0.7310,0.0000,0.6741,0.0565,0.8802,0.0167,,haodong,,,,,,,,,
,MAE-CP,CLIP,BreastMNIST,100,ViT-B,https://wandb.ai/haodoz0118-brown-university/pre-cp-clip-breastmnist,haodong,0.4296,0.0128,0.6676,0.0393,0.7061,0.0511,,haodong,,,,,,,,,
,MAE-CP,CLIP,BreastMNIST,MAX(546),ViT-B,https://wandb.ai/haodoz0118-brown-university/pre-cp-clip-breastmnist,haodong,0.6083,0.0000,0.6750,0.0476,0.8665,0.0121,,haodong,,,,,,,,,
,MAE-CP,DINOv3,OCTMNIST,100,ViT-B,https://wandb.ai/haodoz0118-brown-university/pre-cp-dinov3-octmnist,haodong,0.3050,0.0085,0.4850,0.0653,0.7688,0.0632,,haodong,,,,,,,,,
,MAE-CP,DINOv3,OCTMNIST,500,ViT-B,https://wandb.ai/haodoz0118-brown-university/pre-cp-dinov3-octmnist,haodong,0.3858,0.0392,0.6612,0.0409,0.8398,0.0275,,haodong,,,,,,,,,
,MAE-CP,DINOv3,OCTMNIST,1000,ViT-B,https://wandb.ai/haodoz0118-brown-university/pre-cp-dinov3-octmnist,haodong,0.4329,0.0396,0.7221,0.0287,0.8772,0.0228,,haodong,,,,,,,,,
,MAE-CP,DINOv3,OCTMNIST,10000,ViT-B,https://wandb.ai/haodoz0118-brown-university/pre-cp-dinov3-octmnist,haodong,0.5907,0.0167,0.7297,0.0170,0.8904,0.0049,,haodong,,,,,,,,,
,MAE-CP,DINOv3,OCTMNIST,25000,ViT-B,https://wandb.ai/haodoz0118-brown-university/pre-cp-dinov3-octmnist,haodong,0.6411,0.0082,0.7402,0.0175,0.9033,0.0042,,haodong,,,,,,,,,
,MAE-CP,DINOv3,OCTMNIST,MAX (97477),ViT-B,https://wandb.ai/haodoz0118-brown-university/pre-cp-dinov3-octmnist,haodong,0.6862,0.0000,0.7679,0.0072,0.9200,0.0125,,haodong,,,,,,,,,
,MAE-CP,MAE,OCTMNIST,1000,ViT-B,https://wandb.ai/haodoz0118-brown-university/pre-cp-mae-octmnist,haodong,0.2545,0.0067,0.4639,0.0160,0.8806,0.0025,,haodong,,,,,,,,,
,MAE-CP,MAE,OCTMNIST,MAX (97477),ViT-B,https://wandb.ai/haodoz0118-brown-university/pre-cp-mae-octmnist,haodong,0.2953,0.0000,0.4948,0.0018,0.9183,0.0063,,haodong,,,,,,,,,
,MAE-CP,CLIP,OCTMNIST,1000,ViT-B,https://wandb.ai/haodoz0118-brown-university/pre-cp-clip-octmnist,haodong,0.2818,0.0148,0.5313,0.0287,0.8512,0.0070,,haodong,,,,,,,,,
,MAE-CP,CLIP,OCTMNIST,MAX (97477),ViT-B,https://wandb.ai/haodoz0118-brown-university/pre-cp-clip-octmnist,haodong,0.4061,0.0000,0.5955,0.0109,0.9132,0.0102,,haodong,,,,,,,,,
,MAE-CP,DINOv3,OrganAMNIST,100,ViT-B,https://wandb.ai/haodoz0118-brown-university/pre-cp-dinov3-organamnist,haodong,0.4847,0.0148,0.5369,0.0134,0.6611,0.0250,,haodong,,,,,,,,,
,MAE-CP,DINOv3,OrganAMNIST,500,ViT-B,https://wandb.ai/haodoz0118-brown-university/pre-cp-dinov3-organamnist,haodong,0.7393,0.0110,0.6872,0.0247,0.7919,0.0155,,haodong,,,,,,,,,
,MAE-CP,DINOv3,OrganAMNIST,1000,ViT-B,https://wandb.ai/haodoz0118-brown-university/pre-cp-dinov3-organamnist,haodong,0.7776,0.0022,0.7112,0.0119,0.8575,0.0061,,haodong,,,,,,,,,
,MAE-CP,DINOv3,OrganAMNIST,10000,ViT-B,https://wandb.ai/haodoz0118-brown-university/pre-cp-dinov3-organamnist,haodong,0.8586,0.0021,0.8180,0.0064,0.9080,0.0038,,haodong,,,,,,,,,
,MAE-CP,DINOv3,OrganAMNIST,25000,ViT-B,https://wandb.ai/haodoz0118-brown-university/pre-cp-dinov3-organamnist,haodong,0.8754,0.0025,0.8310,0.0011,0.9232,0.0072,,haodong,,,,,,,,,
,MAE-CP,DINOv3,OrganAMNIST,MAX (34561),ViT-B,https://wandb.ai/haodoz0118-brown-university/pre-cp-dinov3-organamnist,haodong,0.8779,0.0000,0.8325,0.0026,0.9416,0.0041,,haodong,,,,,,,,,
,MAE-CP,MAE,OrganAMNIST,1000,ViT-B,https://wandb.ai/haodoz0118-brown-university/pre-cp-mae-organamnist,haodong,0.7270,0.0126,0.5888,0.0182,0.8305,0.0057,,haodong,,,,,,,,,
,MAE-CP,MAE,OrganAMNIST,MAX (34561),ViT-B,https://wandb.ai/haodoz0118-brown-university/pre-cp-mae-organamnist,haodong,0.8229,0.0000,0.6069,0.0093,0.9034,0.0038,,haodong,,,,,,,,,
,MAE-CP,CLIP,OrganAMNIST,1000,ViT-B,https://wandb.ai/haodoz0118-brown-university/pre-cp-clip-organamnist,haodong,0.6818,0.0010,0.5531,0.0353,0.8187,0.0055,,haodong,,,,,,,,,
,MAE-CP,CLIP,OrganAMNIST,MAX (34561),ViT-B,https://wandb.ai/haodoz0118-brown-university/pre-cp-clip-organamnist,haodong,0.7975,0.0000,0.6371,0.0052,0.8878,0.0039,,haodong,,,,,,,,,
,MAE-CP,DINOv3,PathMNIST,100,ViT-B,https://wandb.ai/haodoz0118-brown-university/pre-cp-dinov3-pathmnist,haodong,0.6509,0.0697,0.7634,0.0359,0.8757,0.0232,,haodong,,,,,,,,,
,MAE-CP,DINOv3,PathMNIST,500,ViT-B,https://wandb.ai/haodoz0118-brown-university/pre-cp-dinov3-pathmnist,haodong,0.7928,0.0148,0.8557,0.0054,0.9304,0.0110,,haodong,,,,,,,,,
,MAE-CP,DINOv3,PathMNIST,1000,ViT-B,https://wandb.ai/haodoz0118-brown-university/pre-cp-dinov3-pathmnist,haodong,0.8154,0.0050,0.8648,0.0116,0.9334,0.0061,,haodong,,,,,,,,,
,MAE-CP,DINOv3,PathMNIST,10000,ViT-B,https://wandb.ai/haodoz0118-brown-university/pre-cp-dinov3-pathmnist,haodong,0.8702,0.0006,0.8940,0.0026,0.9502,0.0101,,haodong,,,,,,,,,
,MAE-CP,DINOv3,PathMNIST,25000,ViT-B,https://wandb.ai/haodoz0118-brown-university/pre-cp-dinov3-pathmnist,haodong,0.8757,0.0004,0.8950,0.0020,0.9510,0.0042,,haodong,,,,,,,,,
,MAE-CP,DINOv3,PathMNIST,MAX (89996),ViT-B,https://wandb.ai/haodoz0118-brown-university/pre-cp-dinov3-pathmnist,haodong,0.8840,0.0000,0.9036,0.0007,0.9488,0.0085,,haodong,,,,,,,,,
,MAE-CP,MAE,PathMNIST,1000,ViT-B,https://wandb.ai/haodoz0118-brown-university/pre-cp-mae-pathmnist,haodong,0.7183,0.0102,0.8440,0.0134,0.9277,0.0067,,haodong,,,,,,,,,
,MAE-CP,MAE,PathMNIST,MAX (89996),ViT-B,https://wandb.ai/haodoz0118-brown-university/pre-cp-mae-pathmnist,haodong,0.8374,0.0000,0.8865,0.0027,0.9415,0.0026,,haodong,,,,,,,,,
,MAE-CP,CLIP,PathMNIST,1000,ViT-B,https://wandb.ai/haodoz0118-brown-university/pre-cp-clip-pathmnist,haodong,0.6999,0.0147,0.8151,0.0119,0.9255,0.0092,,haodong,,,,,,,,,
,MAE-CP,CLIP,PathMNIST,MAX (89996),ViT-B,https://wandb.ai/haodoz0118-brown-university/pre-cp-clip-pathmnist,haodong,0.8002,0.0000,0.8841,0.0019,0.9379,0.0030,,haodong,,,,,,,,,
,MAE-CP,DINOv3,Galaxy10,100,ViT-B,https://wandb.ai/haodoz0118-brown-university/pre-cp-dinov3-galaxy10,haodong,0.3428,0.0348,0.3579,0.0339,0.5525,0.0290,,haodong,,,,,,,,,
,MAE-CP,DINOv3,Galaxy10,500,ViT-B,https://wandb.ai/haodoz0118-brown-university/pre-cp-dinov3-galaxy10,haodong,0.4434,0.0140,0.5107,0.0102,0.6738,0.0163,,haodong,,,,,,,,,
,MAE-CP,DINOv3,Galaxy10,1000,ViT-B,https://wandb.ai/haodoz0118-brown-university/pre-cp-dinov3-galaxy10,haodong,0.4652,0.0125,0.5612,0.0107,0.7145,0.0129,,haodong,,,,,,,,,
,MAE-CP,DINOv3,Galaxy10,10000,ViT-B,https://wandb.ai/haodoz0118-brown-university/pre-cp-dinov3-galaxy10,haodong,0.5450,0.0062,0.6058,0.0187,0.7994,0.0047,,haodong,,,,,,,,,
,MAE-CP,DINOv3,Galaxy10,MAX (14188),ViT-B,https://wandb.ai/haodoz0118-brown-university/pre-cp-dinov3-galaxy10,haodong,0.5625,0.0137,0.6122,0.0098,0.8016,0.0130,,haodong,,,,,,,,,
,MAE-CP,MAE,Galaxy10,1000,ViT-B,https://wandb.ai/haodoz0118-brown-university/pre-cp-mae-galaxy10,haodong,0.2518,0.0125,0.3265,0.0047,0.7058,0.0028,,haodong,,,,,,,,,
,MAE-CP,MAE,Galaxy10,MAX (14188),ViT-B,https://wandb.ai/haodoz0118-brown-university/pre-cp-mae-galaxy10,haodong,0.3415,0.0128,0.3587,0.0053,0.8133,0.0043,,haodong,,,,,,,,,
,MAE-CP,CLIP,Galaxy10,1000,ViT-B,https://wandb.ai/haodoz0118-brown-university/pre-cp-clip-galaxy10,haodong,0.3707,0.0123,0.3853,0.0331,0.6649,0.0057,,haodong,,,,,,,,,
,MAE-CP,CLIP,Galaxy10,MAX (14188),ViT-B,https://wandb.ai/haodoz0118-brown-university/pre-cp-clip-galaxy10,haodong,0.4428,0.0176,0.4569,0.0217,0.8074,0.0075,,haodong,,,,,,,,,
,MAE-CP,DINOv3,Food101,101,ViT-B,https://wandb.ai/haodoz0118-brown-university/pre-cp-diet-dinov3-food101?nw=nwuserhaodoz0118,haodong,0.5525,0.0227,0.4754,0.0081,0.2965,0.0058,,haodong,,,,,,,,,
,MAE-CP,DINOv3,Food101,500,ViT-B,https://wandb.ai/haodoz0118-brown-university/pre-cp-diet-dinov3-food101?nw=nwuserhaodoz0118,haodong,0.7098,0.0093,0.7803,0.0069,0.6546,0.0016,,haodong,,,,,,,,,
,MAE-CP,DINOv3,Food101,1000,ViT-B,https://wandb.ai/haodoz0118-brown-university/pre-cp-diet-dinov3-food101?nw=nwuserhaodoz0118,haodong,0.7734,0.0049,0.8379,0.0034,0.7359,0.0072,,haodong,,,,,,,,,
,MAE-CP,DINOv3,Food101,10000,ViT-B,https://wandb.ai/haodoz0118-brown-university/pre-cp-diet-dinov3-food101?nw=nwuserhaodoz0118,haodong,0.8741,0.0013,0.9115,0.0029,0.8583,0.0027,,haodong,,,,,,,,,
,MAE-CP,DINOv3,Food101,25000,ViT-B,https://wandb.ai/haodoz0118-brown-university/pre-cp-diet-dinov3-food101?nw=nwuserhaodoz0118,haodong,0.8935,0.0026,0.9276,0.0010,0.8833,0.0038,,haodong,,,,,,,,,
,MAE-CP,DINOv3,Food101,MAX (75750),ViT-B,https://wandb.ai/haodoz0118-brown-university/pre-cp-diet-dinov3-food101?nw=nwuserhaodoz0118,haodong,0.9124,0.0000,0.9381,0.0009,0.9033,0.0032,,haodong,,,,,,,,,
,MAE-CP,MAE,Food101,1000,ViT-B,https://wandb.ai/haodoz0118-brown-university/pre-cp-mae-food101?nw=nwuserhaodoz0118,haodong,0.0318,0.0005,0.1574,0.0054,0.3904,0.0089,,haodong,,,,,,,,,
,MAE-CP,MAE,Food101,MAX (75750),ViT-B,https://wandb.ai/haodoz0118-brown-university/pre-cp-mae-food101?nw=nwuserhaodoz0118,haodong,0.1034,0.0000,0.4305,0.0014,0.8719,0.0015,,haodong,,,,,,,,,
,MAE-CP,CLIP,Food101,1000,ViT-B,https://wandb.ai/haodoz0118-brown-university/pre-cp-clip-food101?nw=nwuserhaodoz0118,haodong,0.6995,0.0083,0.7093,0.0064,0.4302,0.0034,,haodong,,,,,,,,,
,MAE-CP,CLIP,Food101,MAX (75750),ViT-B,https://wandb.ai/haodoz0118-brown-university/pre-cp-clip-food101?nw=nwuserhaodoz0118,haodong,0.8683,0.0000,0.8933,0.0005,0.8496,0.0019,,haodong,,,,,,,,,
,MAE-CP,DINOv3,FGVC_Aircraft,100,ViT-B,https://wandb.ai/haodoz0118-brown-university/pre-cp-dinov3-fgvc_aircraft,haodong,0.3487,0.0199,0.2711,0.0132,0.1388,0.0056,,haodong,,,,,,,,,
,MAE-CP,DINOv3,FGVC_Aircraft,500,ViT-B,https://wandb.ai/haodoz0118-brown-university/pre-cp-dinov3-fgvc_aircraft,haodong,0.4463,0.0040,0.5199,0.0069,0.4658,0.0214,,haodong,,,,,,,,,
,MAE-CP,DINOv3,FGVC_Aircraft,1000,ViT-B,https://wandb.ai/haodoz0118-brown-university/pre-cp-dinov3-fgvc_aircraft,haodong,0.5152,0.0013,0.6079,0.0158,0.6085,0.0113,,haodong,,,,,,,,,
,MAE-CP,DINOv3,FGVC_Aircraft,MAX (3400),ViT-B,https://wandb.ai/haodoz0118-brown-university/pre-cp-dinov3-fgvc_aircraft,haodong,0.6239,0.0000,0.7258,0.0085,0.8005,0.0097,,haodong,,,,,,,,,
,MAE-CP,MAE,FGVC_Aircraft,1000,ViT-B,https://wandb.ai/haodoz0118-brown-university/pre-cp-mae-fgvc_aircraft,haodong,0.0400,0.0024,0.0548,0.0020,0.3493,0.0180,,haodong,,,,,,,,,
,MAE-CP,MAE,FGVC_Aircraft,MAX (3400),ViT-B,https://wandb.ai/haodoz0118-brown-university/pre-cp-mae-fgvc_aircraft,haodong,0.0511,0.0000,0.0820,0.0029,0.6742,0.0036,,haodong,,,,,,,,,
,MAE-CP,CLIP,FGVC_Aircraft,1000,ViT-B,https://wandb.ai/haodoz0118-brown-university/pre-cp-clip-fgvc_aircraft,haodong,0.2792,0.0018,0.3050,0.0027,0.3789,0.0024,,haodong,,,,,,,,,
,MAE-CP,CLIP,FGVC_Aircraft,MAX (3400),ViT-B,https://wandb.ai/haodoz0118-brown-university/pre-cp-clip-fgvc_aircraft,haodong,0.3512,0.0000,0.4038,0.0050,0.6053,0.0018,,haodong,,,,,,,,,
,,,,,,,,,,,,,,,,,,,,,,,,
,DIET-CP,DINOv3,DermaMNIST,100,ViT-B,https://wandb.ai/haodoz0118-brown-university/pre-cp-dinov3-dermamnist?nw=nwuserhaodoz0118,haodong,0.1197,0.0046,0.2820,0.0209,0.3215,0.0246,https://wandb.ai/haodoz0118-brown-university/diet-cp-dinov3-dermamnist,Jakob,0.1636,0.0200,0.3124,0.0288,0.3220,0.0458,0.0440,0.0304,0.0005
,DIET-CP,DINOv3,DermaMNIST,500,ViT-B,https://wandb.ai/haodoz0118-brown-university/pre-cp-dinov3-dermamnist?nw=nwuserhaodoz0118,haodong,0.2052,0.0210,0.4087,0.0189,0.5441,0.0402,https://wandb.ai/haodoz0118-brown-university/diet-cp-dinov3-dermamnist,Jakob,0.2997,0.0124,0.4833,0.0247,0.5000,0.0288,0.0945,0.0746,-0.0441
,DIET-CP,DINOv3,DermaMNIST,1000,ViT-B,https://wandb.ai/haodoz0118-brown-university/pre-cp-dinov3-dermamnist?nw=nwuserhaodoz0118,haodong,0.2604,0.0090,0.4693,0.0517,0.6263,0.0148,https://wandb.ai/haodoz0118-brown-university/diet-cp-dinov3-dermamnist,Jakob,0.3655,0.0089,0.5104,0.0201,0.5741,0.0317,0.1051,0.0411,-0.0522
,DIET-CP,DINOv3,DermaMNIST,MAX (7007),ViT-B,https://wandb.ai/haodoz0118-brown-university/pre-cp-dinov3-dermamnist?nw=nwuserhaodoz0118,haodong,0.4542,0.0000,0.6332,0.0099,0.8596,0.0122,https://wandb.ai/haodoz0118-brown-university/diet-cp-dinov3-dermamnist,Jakob,0.5732,0.0080,0.6812,0.0148,0.8317,0.0120,0.1191,0.0479,-0.0279
,DIET-CP,MAE,DermaMNIST,1000,ViT-B,https://wandb.ai/haodoz0118-brown-university/pre-cp-mae-dermamnist?nw=nwuserhaodoz0118,haodong,0.2170,0.0015,0.3221,0.0280,0.5498,0.0217,https://wandb.ai/haodoz0118-brown-university/diet-cp-mae-dermamnist,Jakob,0.3279,0.0215,0.4132,0.0247,0.5273,0.0278,0.1109,0.0911,-0.0225
,DIET-CP,MAE,DermaMNIST,MAX (7007),ViT-B,https://wandb.ai/haodoz0118-brown-university/pre-cp-mae-dermamnist?nw=nwuserhaodoz0118,haodong,0.2668,0.0000,0.3248,0.0076,0.8340,0.0123,https://wandb.ai/haodoz0118-brown-university/diet-cp-mae-dermamnist,Jakob,0.4202,0.0099,0.4825,0.0137,0.7730,0.0155,0.1534,0.1577,-0.0610
,DIET-CP,CLIP,DermaMNIST,1000,ViT-B,https://wandb.ai/haodoz0118-brown-university/pre-cp-clip-dermamnist,haodong,0.2708,0.0150,0.3858,0.0343,0.5453,0.0198,https://wandb.ai/haodoz0118-brown-university/diet-cp-clip-dermamnist,Jakob,0.3533,0.0199,0.4756,0.0202,0.5011,0.0141,0.0825,0.0898,-0.0442
,DIET-CP,CLIP,DermaMNIST,MAX (7007),ViT-B,https://wandb.ai/haodoz0118-brown-university/pre-cp-clip-dermamnist,haodong,0.4226,0.0000,0.4660,0.0113,0.7890,0.0102,https://wandb.ai/haodoz0118-brown-university/diet-cp-clip-dermamnist,Jakob,0.5098,0.0162,0.6073,0.0180,0.7799,0.0111,0.0872,0.1413,-0.0091
,DIET-CP,DINOv3,BreastMNIST,100,ViT-B,https://wandb.ai/haodoz0118-brown-university/pre-cp-dinov3-breastmnist,haodong,0.5667,0.0646,0.7060,0.0503,0.8076,0.0074,https://wandb.ai/haodoz0118-brown-university/diet-cp-dinov3-breastmnist,Jakob,0.8002,0.0112,0.7374,0.0089,0.7955,0.0295,0.2335,0.0314,-0.0121
,DIET-CP,DINOv3,BreastMNIST,500,ViT-B,https://wandb.ai/haodoz0118-brown-university/pre-cp-dinov3-breastmnist,haodong,0.7919,0.0077,0.7677,0.0438,0.8974,0.0086,https://wandb.ai/haodoz0118-brown-university/diet-cp-dinov3-breastmnist,Jakob,0.8668,0.0101,0.8558,0.0002,0.8934,0.0066,0.0748,0.0881,-0.0040
,DIET-CP,DINOv3,BreastMNIST,MAX(546),ViT-B,https://wandb.ai/haodoz0118-brown-university/pre-cp-dinov3-breastmnist,haodong,0.8051,0.0000,0.7801,0.0312,0.8940,0.0196,https://wandb.ai/haodoz0118-brown-university/diet-cp-dinov3-breastmnist,Jakob,0.8771,0.0187,0.8519,0.0149,0.9173,0.0076,0.0719,0.0718,0.0233
,DIET-CP,MAE,BreastMNIST,100,ViT-B,https://wandb.ai/haodoz0118-brown-university/pre-cp-mae-breastmnist,haodong,0.5441,0.0325,0.6302,0.1017,0.7776,0.0343,https://wandb.ai/haodoz0118-brown-university/diet-cp-mae-breastmnist,Jakob,0.7232,0.0468,0.7012,0.0213,0.7803,0.0072,0.1791,0.0710,0.0028
,DIET-CP,MAE,BreastMNIST,MAX(546),ViT-B,https://wandb.ai/haodoz0118-brown-university/pre-cp-mae-breastmnist,haodong,0.7310,0.0000,0.6741,0.0565,0.8802,0.0167,https://wandb.ai/haodoz0118-brown-university/diet-cp-mae-breastmnist,Jakob,0.8047,0.0229,0.8091,0.0137,0.9082,0.0091,0.0737,0.1351,0.0281
,DIET-CP,CLIP,BreastMNIST,100,ViT-B,https://wandb.ai/haodoz0118-brown-university/pre-cp-clip-breastmnist,haodong,0.4296,0.0128,0.6676,0.0393,0.7061,0.0511,https://wandb.ai/haodoz0118-brown-university/diet-cp-clip-breastmnist,Jakob,0.7099,0.0392,0.7682,0.0026,0.7722,0.0385,0.2803,0.1006,0.0661
,DIET-CP,CLIP,BreastMNIST,MAX(546),ViT-B,https://wandb.ai/haodoz0118-brown-university/pre-cp-clip-breastmnist,haodong,0.6083,0.0000,0.6750,0.0476,0.8665,0.0121,https://wandb.ai/haodoz0118-brown-university/diet-cp-clip-breastmnist,Jakob,0.8226,0.0180,0.8329,0.0141,0.8749,0.0047,0.2144,0.1579,0.0085
,DIET-CP,DINOv3,OCTMNIST,100,ViT-B,https://wandb.ai/haodoz0118-brown-university/pre-cp-dinov3-octmnist,haodong,0.3050,0.0085,0.4850,0.0653,0.7688,0.0632,https://wandb.ai/haodoz0118-brown-university/diet-cp-dinov3-octmnist,Jakob,0.3656,0.0251,0.5763,0.0269,0.6881,0.0320,0.0606,0.0912,-0.0807
,DIET-CP,DINOv3,OCTMNIST,500,ViT-B,https://wandb.ai/haodoz0118-brown-university/pre-cp-dinov3-octmnist,haodong,0.3858,0.0392,0.6612,0.0409,0.8398,0.0275,https://wandb.ai/haodoz0118-brown-university/diet-cp-dinov3-octmnist,Jakob,0.5632,0.0420,0.7413,0.0262,0.8246,0.0220,0.1773,0.0801,-0.0152
,DIET-CP,DINOv3,OCTMNIST,1000,ViT-B,https://wandb.ai/haodoz0118-brown-university/pre-cp-dinov3-octmnist,haodong,0.4329,0.0396,0.7221,0.0287,0.8772,0.0228,https://wandb.ai/haodoz0118-brown-university/diet-cp-dinov3-octmnist,Jakob,0.5863,0.0791,0.7765,0.0203,0.8463,0.0151,0.1534,0.0544,-0.0308
,DIET-CP,DINOv3,OCTMNIST,10000,ViT-B,https://wandb.ai/haodoz0118-brown-university/pre-cp-dinov3-octmnist,haodong,0.5907,0.0167,0.7297,0.0170,0.8904,0.0049,https://wandb.ai/haodoz0118-brown-university/diet-cp-dinov3-octmnist,Jakob,0.7703,0.0217,0.8448,0.0293,0.8790,0.0080,0.1796,0.1151,-0.0114
,DIET-CP,DINOv3,OCTMNIST,25000,ViT-B,https://wandb.ai/haodoz0118-brown-university/pre-cp-dinov3-octmnist,haodong,0.6411,0.0082,0.7402,0.0175,0.9033,0.0042,https://wandb.ai/haodoz0118-brown-university/diet-cp-dinov3-octmnist,Jakob,0.8059,0.0062,0.8590,0.0167,0.8845,0.0129,0.1648,0.1188,-0.0187
,DIET-CP,DINOv3,OCTMNIST,MAX (97477),ViT-B,https://wandb.ai/haodoz0118-brown-university/pre-cp-dinov3-octmnist,haodong,0.6862,0.0000,0.7679,0.0072,0.9200,0.0125,https://wandb.ai/haodoz0118-brown-university/diet-cp-dinov3-octmnist,Jakob,0.7916,0.0158,0.8921,0.0042,0.9138,0.0116,0.1054,0.1242,-0.0062
,DIET-CP,MAE,OCTMNIST,1000,ViT-B,https://wandb.ai/haodoz0118-brown-university/pre-cp-mae-octmnist,haodong,0.2545,0.0067,0.4639,0.0160,0.8806,0.0025,https://wandb.ai/haodoz0118-brown-university/diet-cp-mae-octmnist,Jakob,0.3936,0.0244,0.7465,0.0305,0.8453,0.0147,0.1390,0.2826,-0.0353
,DIET-CP,MAE,OCTMNIST,MAX (97477),ViT-B,https://wandb.ai/haodoz0118-brown-university/pre-cp-mae-octmnist,haodong,0.2953,0.0000,0.4948,0.0018,0.9183,0.0063,https://wandb.ai/haodoz0118-brown-university/diet-cp-mae-octmnist,Jakob,0.6979,0.0058,0.8175,0.0302,0.9124,0.0016,0.4026,0.3226,-0.0059
,DIET-CP,CLIP,OCTMNIST,1000,ViT-B,https://wandb.ai/haodoz0118-brown-university/pre-cp-clip-octmnist,haodong,0.2818,0.0148,0.5313,0.0287,0.8512,0.0070,https://wandb.ai/haodoz0118-brown-university/diet-cp-clip-octmnist,Jakob,0.5082,0.0264,0.6598,0.0250,0.7423,0.0516,0.2264,0.1285,-0.1090
,DIET-CP,CLIP,OCTMNIST,MAX (97477),ViT-B,https://wandb.ai/haodoz0118-brown-university/pre-cp-clip-octmnist,haodong,0.4061,0.0000,0.5955,0.0109,0.9132,0.0102,https://wandb.ai/haodoz0118-brown-university/diet-cp-clip-octmnist,Jakob,0.7612,0.0157,0.8407,0.0172,0.8805,0.0149,0.3552,0.2453,-0.0328
,DIET-CP,DINOv3,OrganAMNIST,100,ViT-B,https://wandb.ai/haodoz0118-brown-university/pre-cp-dinov3-organamnist,haodong,0.4847,0.0148,0.5369,0.0134,0.6611,0.0250,https://wandb.ai/haodoz0118-brown-university/diet-cp-dinov3-organamnist,Jakob,0.4971,0.0320,0.5997,0.0070,0.5523,0.0166,0.0124,0.0628,-0.1088
,DIET-CP,DINOv3,OrganAMNIST,500,ViT-B,https://wandb.ai/haodoz0118-brown-university/pre-cp-dinov3-organamnist,haodong,0.7393,0.0110,0.6872,0.0247,0.7919,0.0155,https://wandb.ai/haodoz0118-brown-university/diet-cp-dinov3-organamnist,Jakob,0.6750,0.0108,0.7111,0.0139,0.7387,0.0135,-0.0643,0.0239,-0.0532
,DIET-CP,DINOv3,OrganAMNIST,1000,ViT-B,https://wandb.ai/haodoz0118-brown-university/pre-cp-dinov3-organamnist,haodong,0.7776,0.0022,0.7112,0.0119,0.8575,0.0061,https://wandb.ai/haodoz0118-brown-university/diet-cp-dinov3-organamnist,Jakob,0.7216,0.0118,0.7832,0.0133,0.7845,0.0055,-0.0559,0.0719,-0.0730
,DIET-CP,DINOv3,OrganAMNIST,10000,ViT-B,https://wandb.ai/haodoz0118-brown-university/pre-cp-dinov3-organamnist,haodong,0.8586,0.0021,0.8180,0.0064,0.9080,0.0038,https://wandb.ai/haodoz0118-brown-university/diet-cp-dinov3-organamnist,Jakob,0.8262,0.0052,0.8508,0.0049,0.8641,0.0007,-0.0325,0.0328,-0.0439
,DIET-CP,DINOv3,OrganAMNIST,25000,ViT-B,https://wandb.ai/haodoz0118-brown-university/pre-cp-dinov3-organamnist,haodong,0.8754,0.0025,0.8310,0.0011,0.9232,0.0072,https://wandb.ai/haodoz0118-brown-university/diet-cp-dinov3-organamnist,Jakob,0.8557,0.0020,0.8734,0.0036,0.8784,0.0013,-0.0198,0.0425,-0.0448
,DIET-CP,DINOv3,OrganAMNIST,MAX (34561),ViT-B,https://wandb.ai/haodoz0118-brown-university/pre-cp-dinov3-organamnist,haodong,0.8779,0.0000,0.8325,0.0026,0.9416,0.0041,https://wandb.ai/haodoz0118-brown-university/diet-cp-dinov3-organamnist,Jakob,0.8902,0.0004,0.9081,0.0017,0.9110,0.0011,0.0122,0.0756,-0.0306
,DIET-CP,MAE,OrganAMNIST,1000,ViT-B,https://wandb.ai/haodoz0118-brown-university/pre-cp-mae-organamnist,haodong,0.7270,0.0126,0.5888,0.0182,0.8305,0.0057,https://wandb.ai/haodoz0118-brown-university/diet-cp-mae-organamnist,Jakob,0.6712,0.0094,0.6881,0.0019,0.8048,0.0052,-0.0558,0.0993,-0.0257
,DIET-CP,MAE,OrganAMNIST,MAX (34561),ViT-B,https://wandb.ai/haodoz0118-brown-university/pre-cp-mae-organamnist,haodong,0.8229,0.0000,0.6069,0.0093,0.9034,0.0038,https://wandb.ai/haodoz0118-brown-university/diet-cp-mae-organamnist,Jakob,0.8674,0.0027,0.8825,0.0041,0.9258,0.0073,0.0445,0.2756,0.0224
,DIET-CP,CLIP,OrganAMNIST,1000,ViT-B,https://wandb.ai/haodoz0118-brown-university/pre-cp-clip-organamnist,haodong,0.6818,0.0010,0.5531,0.0353,0.8187,0.0055,https://wandb.ai/haodoz0118-brown-university/diet-cp-clip-organamnist,Jakob,0.6563,0.0123,0.6857,0.0114,0.7372,0.0068,-0.0255,0.1326,-0.0814
,DIET-CP,CLIP,OrganAMNIST,MAX (34561),ViT-B,https://wandb.ai/haodoz0118-brown-university/pre-cp-clip-organamnist,haodong,0.7975,0.0000,0.6371,0.0052,0.8878,0.0039,https://wandb.ai/haodoz0118-brown-university/diet-cp-clip-organamnist,Jakob,0.7889,0.0022,0.8043,0.0055,0.9039,0.0055,-0.0086,0.1672,0.0161
,DIET-CP,DINOv3,PathMNIST,100,ViT-B,https://wandb.ai/haodoz0118-brown-university/pre-cp-dinov3-pathmnist,haodong,0.6509,0.0697,0.7634,0.0359,0.8757,0.0232,https://wandb.ai/haodoz0118-brown-university/diet-cp-dinov3-pathmnist,Jakob,0.8043,0.0067,0.8378,0.0202,0.8647,0.0103,0.1534,0.0743,-0.0110
,DIET-CP,DINOv3,PathMNIST,500,ViT-B,https://wandb.ai/haodoz0118-brown-university/pre-cp-dinov3-pathmnist,haodong,0.7928,0.0148,0.8557,0.0054,0.9304,0.0110,https://wandb.ai/haodoz0118-brown-university/diet-cp-dinov3-pathmnist,Jakob,0.8560,0.0234,0.8690,0.0282,0.9109,0.0059,0.0631,0.0134,-0.0195
,DIET-CP,DINOv3,PathMNIST,1000,ViT-B,https://wandb.ai/haodoz0118-brown-university/pre-cp-dinov3-pathmnist,haodong,0.8154,0.0050,0.8648,0.0116,0.9334,0.0061,https://wandb.ai/haodoz0118-brown-university/diet-cp-dinov3-pathmnist,Jakob,0.8763,0.0041,0.8861,0.0097,0.9140,0.0043,0.0609,0.0213,-0.0194
,DIET-CP,DINOv3,PathMNIST,10000,ViT-B,https://wandb.ai/haodoz0118-brown-university/pre-cp-dinov3-pathmnist,haodong,0.8702,0.0006,0.8940,0.0026,0.9502,0.0101,https://wandb.ai/haodoz0118-brown-university/diet-cp-dinov3-pathmnist,Jakob,0.8933,0.0027,0.9172,0.0061,0.9343,0.0072,0.0231,0.0232,-0.0159
,DIET-CP,DINOv3,PathMNIST,25000,ViT-B,https://wandb.ai/haodoz0118-brown-university/pre-cp-dinov3-pathmnist,haodong,0.8757,0.0004,0.8950,0.0020,0.9510,0.0042,https://wandb.ai/haodoz0118-brown-university/diet-cp-dinov3-pathmnist,Jakob,0.8796,0.0069,0.9145,0.0049,0.9396,0.0084,0.0039,0.0195,-0.0115
,DIET-CP,DINOv3,PathMNIST,MAX (89996),ViT-B,https://wandb.ai/haodoz0118-brown-university/pre-cp-dinov3-pathmnist,haodong,0.8840,0.0000,0.9036,0.0007,0.9488,0.0085,https://wandb.ai/haodoz0118-brown-university/diet-cp-dinov3-pathmnist,Jakob,0.8965,0.0035,0.9141,0.0010,0.9535,0.0009,0.0125,0.0105,0.0047
,DIET-CP,MAE,PathMNIST,1000,ViT-B,https://wandb.ai/haodoz0118-brown-university/pre-cp-mae-pathmnist,haodong,0.7183,0.0102,0.8440,0.0134,0.9277,0.0067,https://wandb.ai/haodoz0118-brown-university/diet-cp-mae-pathmnist,Jakob,0.7878,0.0253,0.8594,0.0171,0.8962,0.0300,0.0694,0.0154,-0.0314
,DIET-CP,MAE,PathMNIST,MAX (89996),ViT-B,https://wandb.ai/haodoz0118-brown-university/pre-cp-mae-pathmnist,haodong,0.8374,0.0000,0.8865,0.0027,0.9415,0.0026,https://wandb.ai/haodoz0118-brown-university/diet-cp-mae-pathmnist,Jakob,0.8752,0.0036,0.9041,0.0033,0.9475,0.0006,0.0378,0.0177,0.0060
,DIET-CP,CLIP,PathMNIST,1000,ViT-B,https://wandb.ai/haodoz0118-brown-university/pre-cp-clip-pathmnist,haodong,0.6999,0.0147,0.8151,0.0119,0.9255,0.0092,https://wandb.ai/haodoz0118-brown-university/diet-cp-clip-pathmnist,Jakob,0.8453,0.0141,0.8661,0.0171,0.8906,0.0108,0.1454,0.0509,-0.0349
,DIET-CP,CLIP,PathMNIST,MAX (89996),ViT-B,https://wandb.ai/haodoz0118-brown-university/pre-cp-clip-pathmnist,haodong,0.8002,0.0000,0.8841,0.0019,0.9379,0.0030,https://wandb.ai/haodoz0118-brown-university/diet-cp-clip-pathmnist,Jakob,0.9103,0.0036,0.9173,0.0045,0.9470,0.0023,0.1100,0.0332,0.0092
,DIET-CP,DINOv3,Galaxy10,100,ViT-B,https://wandb.ai/haodoz0118-brown-university/pre-cp-dinov3-galaxy10,haodong,0.3428,0.0348,0.3579,0.0339,0.5525,0.0290,https://wandb.ai/haodoz0118-brown-university/diet-cp-dinov3-galaxy10,Jakob,0.3965,0.0242,0.4678,0.0172,0.5002,0.0077,0.0538,0.1099,-0.0523
,DIET-CP,DINOv3,Galaxy10,500,ViT-B,https://wandb.ai/haodoz0118-brown-university/pre-cp-dinov3-galaxy10,haodong,0.4434,0.0140,0.5107,0.0102,0.6738,0.0163,https://wandb.ai/haodoz0118-brown-university/diet-cp-dinov3-galaxy10,Jakob,0.4707,0.0133,0.5753,0.0079,0.6394,0.0071,0.0274,0.0646,-0.0344
,DIET-CP,DINOv3,Galaxy10,1000,ViT-B,https://wandb.ai/haodoz0118-brown-university/pre-cp-dinov3-galaxy10,haodong,0.4652,0.0125,0.5612,0.0107,0.7145,0.0129,https://wandb.ai/haodoz0118-brown-university/diet-cp-dinov3-galaxy10,Jakob,0.5368,0.0061,0.6248,0.0150,0.6728,0.0107,0.0716,0.0635,-0.0417
,DIET-CP,DINOv3,Galaxy10,10000,ViT-B,https://wandb.ai/haodoz0118-brown-university/pre-cp-dinov3-galaxy10,haodong,0.5450,0.0062,0.6058,0.0187,0.7994,0.0047,https://wandb.ai/haodoz0118-brown-university/diet-cp-dinov3-galaxy10,Jakob,0.6814,0.0063,0.7582,0.0144,0.7696,0.0155,0.1364,0.1525,-0.0298
,DIET-CP,DINOv3,Galaxy10,MAX (14188),ViT-B,https://wandb.ai/haodoz0118-brown-university/pre-cp-dinov3-galaxy10,haodong,0.5625,0.0137,0.6122,0.0098,0.8016,0.0130,https://wandb.ai/haodoz0118-brown-university/diet-cp-dinov3-galaxy10,Jakob,0.6927,0.0043,0.7702,0.0074,0.7813,0.0094,0.1302,0.1580,-0.0203
,DIET-CP,MAE,Galaxy10,1000,ViT-B,https://wandb.ai/haodoz0118-brown-university/pre-cp-mae-galaxy10,haodong,0.2518,0.0125,0.3265,0.0047,0.7058,0.0028,https://wandb.ai/haodoz0118-brown-university/diet-cp-mae-galaxy10,Jakob,0.3959,0.0208,0.5106,0.0127,0.6340,0.0165,0.1441,0.1841,-0.0718
,DIET-CP,MAE,Galaxy10,MAX (14188),ViT-B,https://wandb.ai/haodoz0118-brown-university/pre-cp-mae-galaxy10,haodong,0.3415,0.0128,0.3587,0.0053,0.8133,0.0043,https://wandb.ai/haodoz0118-brown-university/diet-cp-mae-galaxy10,Jakob,0.5363,0.0070,0.6297,0.0064,0.7762,0.0042,0.1948,0.2710,-0.0371
,DIET-CP,CLIP,Galaxy10,1000,ViT-B,https://wandb.ai/haodoz0118-brown-university/pre-cp-clip-galaxy10,haodong,0.3707,0.0123,0.3853,0.0331,0.6649,0.0057,https://wandb.ai/haodoz0118-brown-university/diet-cp-clip-galaxy10,Jakob,0.4519,0.0109,0.4994,0.0293,0.5345,0.0111,0.0811,0.1141,-0.1305
,DIET-CP,CLIP,Galaxy10,MAX (14188),ViT-B,https://wandb.ai/haodoz0118-brown-university/pre-cp-clip-galaxy10,haodong,0.4428,0.0176,0.4569,0.0217,0.8074,0.0075,https://wandb.ai/haodoz0118-brown-university/diet-cp-clip-galaxy10,Jakob,0.5639,0.0184,0.6401,0.0082,0.7316,0.0050,0.1211,0.1832,-0.0758
,DIET-CP,DINOv3,Food101,101,ViT-B,https://wandb.ai/haodoz0118-brown-university/pre-cp-diet-dinov3-food101?nw=nwuserhaodoz0118,haodong,0.5525,0.0227,0.4754,0.0081,0.2965,0.0058,https://wandb.ai/haodoz0118-brown-university/diet-cp-dinov3-food101,Jakob,0.4419,0.0157,0.4259,0.0169,0.3727,0.0227,-0.1106,-0.0495,0.0761
,DIET-CP,DINOv3,Food101,500,ViT-B,https://wandb.ai/haodoz0118-brown-university/pre-cp-diet-dinov3-food101?nw=nwuserhaodoz0118,haodong,0.7098,0.0093,0.7803,0.0069,0.6546,0.0016,https://wandb.ai/haodoz0118-brown-university/diet-cp-dinov3-food101,Jakob,0.6479,0.0044,0.7121,0.0053,0.7431,0.0036,-0.0619,-0.0682,0.0885
,DIET-CP,DINOv3,Food101,1000,ViT-B,https://wandb.ai/haodoz0118-brown-university/pre-cp-diet-dinov3-food101?nw=nwuserhaodoz0118,haodong,0.7734,0.0049,0.8379,0.0034,0.7359,0.0072,https://wandb.ai/haodoz0118-brown-university/diet-cp-dinov3-food101,Jakob,0.7091,0.0053,0.7834,0.0022,0.8205,0.0064,-0.0643,-0.0545,0.0846
,DIET-CP,DINOv3,Food101,10000,ViT-B,https://wandb.ai/haodoz0118-brown-university/pre-cp-diet-dinov3-food101?nw=nwuserhaodoz0118,haodong,0.8741,0.0013,0.9115,0.0029,0.8583,0.0027,https://wandb.ai/haodoz0118-brown-university/diet-cp-dinov3-food101,Jakob,0.8342,0.0024,0.8853,0.0007,0.9037,0.0022,-0.0399,-0.0262,0.0454
,DIET-CP,DINOv3,Food101,25000,ViT-B,https://wandb.ai/haodoz0118-brown-university/pre-cp-diet-dinov3-food101?nw=nwuserhaodoz0118,haodong,0.8935,0.0026,0.9276,0.0010,0.8833,0.0038,https://wandb.ai/haodoz0118-brown-university/diet-cp-dinov3-food101,Jakob,0.8744,0.0012,0.9112,0.0031,0.9277,0.0023,-0.0191,-0.0164,0.0444
,DIET-CP,DINOv3,Food101,MAX (75750),ViT-B,https://wandb.ai/haodoz0118-brown-university/pre-cp-diet-dinov3-food101?nw=nwuserhaodoz0118,haodong,0.9124,0.0000,0.9381,0.0009,0.9033,0.0032,https://wandb.ai/haodoz0118-brown-university/diet-cp-dinov3-food101,Jakob,0.8863,0.0049,0.9142,0.0042,0.8980,0.0022,-0.0262,-0.0239,-0.0052
,DIET-CP,MAE,Food101,1000,ViT-B,https://wandb.ai/haodoz0118-brown-university/pre-cp-mae-food101?nw=nwuserhaodoz0118,haodong,0.0318,0.0005,0.1574,0.0054,0.3904,0.0089,https://wandb.ai/haodoz0118-brown-university/diet-cp-mae-food101,Jakob,0.1808,0.0073,0.2868,0.0077,0.4167,0.0055,0.1491,0.1294,0.0264
,DIET-CP,MAE,Food101,MAX (75750),ViT-B,https://wandb.ai/haodoz0118-brown-university/pre-cp-mae-food101?nw=nwuserhaodoz0118,haodong,0.1034,0.0000,0.4305,0.0014,0.8719,0.0015,https://wandb.ai/haodoz0118-brown-university/diet-cp-mae-food101,Jakob,0.5965,0.0161,0.7464,0.0097,0.8659,0.0019,0.4931,0.3159,-0.0060
,DIET-CP,CLIP,Food101,1000,ViT-B,https://wandb.ai/haodoz0118-brown-university/pre-cp-clip-food101?nw=nwuserhaodoz0118,haodong,0.6995,0.0083,0.7093,0.0064,0.4302,0.0034,https://wandb.ai/haodoz0118-brown-university/diet-cp-clip-food101,Jakob,0.6530,0.0015,0.6976,0.0052,0.7058,0.0120,-0.0465,-0.0117,0.2755
,DIET-CP,CLIP,Food101,MAX (75750),ViT-B,https://wandb.ai/haodoz0118-brown-university/pre-cp-clip-food101?nw=nwuserhaodoz0118,haodong,0.8683,0.0000,0.8933,0.0005,0.8496,0.0019,https://wandb.ai/haodoz0118-brown-university/diet-cp-clip-food101,Jakob,0.8181,0.0135,0.8559,0.0129,0.8606,0.0003,-0.0501,-0.0374,0.0110
,DIET-CP,DINOv3,FGVC_Aircraft,100,ViT-B,https://wandb.ai/haodoz0118-brown-university/pre-cp-dinov3-fgvc_aircraft,haodong,0.3487,0.0199,0.2711,0.0132,0.1388,0.0056,https://wandb.ai/haodoz0118-brown-university/diet-cp-dinov3-fgvc_aircraft,Jakob,0.2200,0.0063,0.2117,0.0105,0.1506,0.0069,-0.1288,-0.0594,0.0118
,DIET-CP,DINOv3,FGVC_Aircraft,500,ViT-B,https://wandb.ai/haodoz0118-brown-university/pre-cp-dinov3-fgvc_aircraft,haodong,0.4463,0.0040,0.5199,0.0069,0.4658,0.0214,https://wandb.ai/haodoz0118-brown-university/diet-cp-dinov3-fgvc_aircraft,Jakob,0.3052,0.0149,0.3938,0.0112,0.4929,0.0118,-0.1411,-0.1262,0.0271
,DIET-CP,DINOv3,FGVC_Aircraft,1000,ViT-B,https://wandb.ai/haodoz0118-brown-university/pre-cp-dinov3-fgvc_aircraft,haodong,0.5152,0.0013,0.6079,0.0158,0.6085,0.0113,https://wandb.ai/haodoz0118-brown-university/diet-cp-dinov3-fgvc_aircraft,Jakob,0.3485,0.0070,0.4794,0.0036,0.6456,0.0063,-0.1667,-0.1285,0.0371
,DIET-CP,DINOv3,FGVC_Aircraft,MAX (3400),ViT-B,https://wandb.ai/haodoz0118-brown-university/pre-cp-dinov3-fgvc_aircraft,haodong,0.6239,0.0000,0.7258,0.0085,0.8005,0.0097,https://wandb.ai/haodoz0118-brown-university/diet-cp-dinov3-fgvc_aircraft,Jakob,0.4621,0.0061,0.6332,0.0066,0.8129,0.0065,-0.1618,-0.0926,0.0124
,DIET-CP,MAE,FGVC_Aircraft,1000,ViT-B,https://wandb.ai/haodoz0118-brown-university/pre-cp-mae-fgvc_aircraft,haodong,0.0400,0.0024,0.0548,0.0020,0.3493,0.0180,https://wandb.ai/haodoz0118-brown-university/diet-cp-mae-fgvc_aircraft,Jakob,0.0690,0.0017,0.1004,0.0016,0.2684,0.0123,0.0290,0.0456,-0.0809
,DIET-CP,MAE,FGVC_Aircraft,MAX (3400),ViT-B,https://wandb.ai/haodoz0118-brown-university/pre-cp-mae-fgvc_aircraft,haodong,0.0511,0.0000,0.0820,0.0029,0.6742,0.0036,https://wandb.ai/haodoz0118-brown-university/diet-cp-mae-fgvc_aircraft,Jakob,0.0982,0.0025,0.1607,0.0060,0.5989,0.0119,0.0471,0.0787,-0.0753
,DIET-CP,CLIP,FGVC_Aircraft,1000,ViT-B,https://wandb.ai/haodoz0118-brown-university/pre-cp-clip-fgvc_aircraft,haodong,0.2792,0.0018,0.3050,0.0027,0.3789,0.0024,https://wandb.ai/haodoz0118-brown-university/diet-cp-clip-fgvc_aircraft,Jakob,0.2513,0.0041,0.2945,0.0092,0.3724,0.0107,-0.0279,-0.0105,-0.0065
,DIET-CP,CLIP,FGVC_Aircraft,MAX (3400),ViT-B,https://wandb.ai/haodoz0118-brown-university/pre-cp-clip-fgvc_aircraft,haodong,0.3512,0.0000,0.4038,0.0050,0.6053,0.0018,https://wandb.ai/haodoz0118-brown-university/diet-cp-clip-fgvc_aircraft,Jakob,0.3107,0.0098,0.4202,0.0044,0.5623,0.0042,-0.0405,0.0164,-0.0430
,,,,,,,,,,,,,,,,,,,,,,,,
,SimCLR-CP,DINOv3,DermaMNIST,100,ViT-B,https://wandb.ai/haodoz0118-brown-university/pre-cp-dinov3-dermamnist?nw=nwuserhaodoz0118,haodong,0.1197,0.0046,0.2820,0.0209,0.3215,0.0246,,haodong,0.1359,0.0085,0.2828,0.0155,0.3306,0.0348,0.0162,0.0008,0.0091
,SimCLR-CP,DINOv3,DermaMNIST,500,ViT-B,https://wandb.ai/haodoz0118-brown-university/pre-cp-dinov3-dermamnist?nw=nwuserhaodoz0118,haodong,0.2052,0.0210,0.4053,0.0189,0.5441,0.0402,,haodong,0.2554,0.0110,0.4241,0.0375,0.5092,0.0383,0.0502,0.0188,-0.0348
,SimCLR-CP,DINOv3,DermaMNIST,1000,ViT-B,https://wandb.ai/haodoz0118-brown-university/pre-cp-dinov3-dermamnist?nw=nwuserhaodoz0118,haodong,0.2604,0.0090,0.4693,0.0517,0.6263,0.0148,,haodong,0.3185,0.0043,0.4967,0.0314,0.5871,0.0209,0.0581,0.0274,-0.0392
,SimCLR-CP,DINOv3,DermaMNIST,MAX (7007),ViT-B,https://wandb.ai/haodoz0118-brown-university/pre-cp-dinov3-dermamnist?nw=nwuserhaodoz0118,haodong,0.4542,0.0000,0.6332,0.0099,0.8596,0.0122,,haodong,0.5203,0.0073,0.6377,0.0051,0.8468,0.0076,0.0661,0.0045,-0.0128
,SimCLR-CP,MAE,DermaMNIST,1000,ViT-B,https://wandb.ai/haodoz0118-brown-university/pre-cp-mae-dermamnist?nw=nwuserhaodoz0118,haodong,0.2170,0.0015,0.3221,0.0280,0.5498,0.0217,,haodong,0.2991,0.0205,0.3698,0.0538,0.5429,0.0259,0.0821,0.0477,-0.0069
,SimCLR-CP,MAE,DermaMNIST,MAX (7007),ViT-B,https://wandb.ai/haodoz0118-brown-university/pre-cp-mae-dermamnist?nw=nwuserhaodoz0118,haodong,0.2668,0.0000,0.3248,0.0076,0.8340,0.0123,,haodong,0.3968,0.0107,0.4122,0.0147,0.8034,0.0037,0.1300,0.0873,-0.0306
,SimCLR-CP,CLIP,DermaMNIST,1000,ViT-B,https://wandb.ai/haodoz0118-brown-university/pre-cp-clip-dermamnist,haodong,0.2708,0.0150,0.3858,0.0343,0.5453,0.0198,,haodong,0.3036,0.0073,0.3961,0.0276,0.5433,0.0291,0.0328,0.0103,-0.0021
,SimCLR-CP,CLIP,DermaMNIST,MAX (7007),ViT-B,https://wandb.ai/haodoz0118-brown-university/pre-cp-clip-dermamnist,haodong,0.4226,0.0000,0.4660,0.0113,0.7890,0.0102,,haodong,0.4245,0.0194,0.5329,0.0062,0.8061,0.0130,0.0019,0.0669,0.0171
,SimCLR-CP,DINOv3,BreastMNIST,100,ViT-B,https://wandb.ai/haodoz0118-brown-university/pre-cp-dinov3-breastmnist,haodong,0.5667,0.0646,0.7060,0.0503,0.8076,0.0074,,haodong,0.7899,0.0259,0.7597,0.0345,0.7952,0.0300,0.2232,0.0537,-0.0124
,SimCLR-CP,DINOv3,BreastMNIST,500,ViT-B,https://wandb.ai/haodoz0118-brown-university/pre-cp-dinov3-breastmnist,haodong,0.7919,0.0077,0.7677,0.0438,0.8974,0.0086,,haodong,0.8697,0.0093,0.8337,0.0166,0.8834,0.0164,0.0778,0.0659,-0.0141
,SimCLR-CP,DINOv3,BreastMNIST,MAX(546),ViT-B,https://wandb.ai/haodoz0118-brown-university/pre-cp-dinov3-breastmnist,haodong,0.8051,0.0000,0.7801,0.0312,0.8940,0.0196,,haodong,0.8657,0.0106,0.8499,0.0266,0.9102,0.0076,0.0605,0.0698,0.0162
,SimCLR-CP,MAE,BreastMNIST,100,ViT-B,https://wandb.ai/haodoz0118-brown-university/pre-cp-mae-breastmnist,haodong,0.5441,0.0325,0.6302,0.1017,0.7776,0.0343,,haodong,0.6886,0.0569,0.7033,0.0240,0.7769,0.0265,0.1445,0.0731,-0.0006
,SimCLR-CP,MAE,BreastMNIST,MAX(546),ViT-B,https://wandb.ai/haodoz0118-brown-university/pre-cp-mae-breastmnist,haodong,0.7310,0.0000,0.6741,0.0565,0.8802,0.0167,,haodong,0.7805,0.0161,0.7750,0.0352,0.9047,0.0049,0.0496,0.1009,0.0246
,SimCLR-CP,CLIP,BreastMNIST,100,ViT-B,https://wandb.ai/haodoz0118-brown-university/pre-cp-clip-breastmnist,haodong,0.4296,0.0128,0.6676,0.0393,0.7061,0.0511,,haodong,0.7954,0.0188,0.7365,0.0382,0.7694,0.0098,0.3657,0.0689,0.0633
,SimCLR-CP,CLIP,BreastMNIST,MAX(546),ViT-B,https://wandb.ai/haodoz0118-brown-university/pre-cp-clip-breastmnist,haodong,0.6083,0.0000,0.6750,0.0476,0.8665,0.0121,,haodong,0.8053,0.0056,0.8412,0.0069,0.8812,0.0235,0.1971,0.1661,0.0147
,SimCLR-CP,DINOv3,OCTMNIST,100,ViT-B,https://wandb.ai/haodoz0118-brown-university/pre-cp-dinov3-octmnist,haodong,0.3050,0.0085,0.4850,0.0653,0.7688,0.0632,,haodong,,,,,,,,,
,SimCLR-CP,DINOv3,OCTMNIST,500,ViT-B,https://wandb.ai/haodoz0118-brown-university/pre-cp-dinov3-octmnist,haodong,0.3858,0.0392,0.6612,0.0409,0.8398,0.0275,,haodong,,,,,,,,,
,SimCLR-CP,DINOv3,OCTMNIST,1000,ViT-B,https://wandb.ai/haodoz0118-brown-university/pre-cp-dinov3-octmnist,haodong,0.4329,0.0396,0.7221,0.0287,0.8772,0.0228,,haodong,,,,,,,,,
,SimCLR-CP,DINOv3,OCTMNIST,10000,ViT-B,https://wandb.ai/haodoz0118-brown-university/pre-cp-dinov3-octmnist,haodong,0.5907,0.0167,0.7297,0.0170,0.8904,0.0049,,haodong,,,,,,,,,
,SimCLR-CP,DINOv3,OCTMNIST,25000,VIT-B,https://wandb.ai/haodoz0118-brown-university/pre-cp-dinov3-octmnist,haodong,0.6411,0.0082,0.7402,0.0175,0.9033,0.0042,,haodong,,,,,,,,,
,SimCLR-CP,DINOv3,OCTMNIST,MAX (97477),ViT-B,https://wandb.ai/haodoz0118-brown-university/pre-cp-dinov3-octmnist,haodong,0.6862,0.0000,0.7679,0.0072,0.9200,0.0125,,haodong,,,,,,,,,
,SimCLR-CP,MAE,OCTMNIST,1000,ViT-B,https://wandb.ai/haodoz0118-brown-university/pre-cp-mae-octmnist,haodong,0.2545,0.0067,0.4639,0.0160,0.8806,0.0025,,haodong,,,,,,,,,
,SimCLR-CP,MAE,OCTMNIST,MAX (97477),ViT-B,https://wandb.ai/haodoz0118-brown-university/pre-cp-mae-octmnist,haodong,0.2953,0.0000,0.4948,0.0018,0.9183,0.0063,,haodong,,,,,,,,,
,SimCLR-CP,CLIP,OCTMNIST,1000,ViT-B,https://wandb.ai/haodoz0118-brown-university/pre-cp-clip-octmnist,haodong,0.2818,0.0148,0.5313,0.0287,0.8512,0.0070,,haodong,,,,,,,,,
,SimCLR-CP,CLIP,OCTMNIST,MAX (97477),ViT-B,https://wandb.ai/haodoz0118-brown-university/pre-cp-clip-octmnist,haodong,0.4061,0.0000,0.5955,0.0109,0.9132,0.0102,,haodong,,,,,,,,,
,SimCLR-CP,DINOv3,OrganAMNIST,100,ViT-B,https://wandb.ai/haodoz0118-brown-university/pre-cp-dinov3-organamnist,haodong,0.4847,0.0148,0.5369,0.0134,0.6611,0.0250,,haodong,,,,,,,,,
,SimCLR-CP,DINOv3,OrganAMNIST,500,ViT-B,https://wandb.ai/haodoz0118-brown-university/pre-cp-dinov3-organamnist,haodong,0.7393,0.0110,0.6872,0.0247,0.7919,0.0155,,haodong,,,,,,,,,
,SimCLR-CP,DINOv3,OrganAMNIST,1000,ViT-B,https://wandb.ai/haodoz0118-brown-university/pre-cp-dinov3-organamnist,haodong,0.7776,0.0022,0.7112,0.0119,0.8575,0.0061,,haodong,,,,,,,,,
,SimCLR-CP,DINOv3,OrganAMNIST,10000,ViT-B,https://wandb.ai/haodoz0118-brown-university/pre-cp-dinov3-organamnist,haodong,0.8586,0.0021,0.8180,0.0064,0.9080,0.0038,,haodong,,,,,,,,,
,SimCLR-CP,DINOv3,OrganAMNIST,25000,ViT-B,https://wandb.ai/haodoz0118-brown-university/pre-cp-dinov3-organamnist,haodong,0.8754,0.0025,0.8310,0.0011,0.9232,0.0072,,haodong,,,,,,,,,
,SimCLR-CP,DINOv3,OrganAMNIST,MAX (34561),ViT-B,https://wandb.ai/haodoz0118-brown-university/pre-cp-dinov3-organamnist,haodong,0.8779,0.0000,0.8325,0.0026,0.9416,0.0041,,haodong,,,,,,,,,
,SimCLR-CP,MAE,OrganAMNIST,1000,ViT-B,https://wandb.ai/haodoz0118-brown-university/pre-cp-mae-organamnist,haodong,0.7270,0.0126,0.5888,0.0182,0.8305,0.0057,,haodong,,,,,,,,,
,SimCLR-CP,MAE,OrganAMNIST,MAX (34561),ViT-B,https://wandb.ai/haodoz0118-brown-university/pre-cp-mae-organamnist,haodong,0.8229,0.0000,0.6069,0.0093,0.9034,0.0038,,haodong,,,,,,,,,
,SimCLR-CP,CLIP,OrganAMNIST,1000,ViT-B,https://wandb.ai/haodoz0118-brown-university/pre-cp-clip-organamnist,haodong,0.6818,0.0010,0.5531,0.0353,0.8187,0.0055,,haodong,,,,,,,,,
,SimCLR-CP,CLIP,OrganAMNIST,MAX (34561),ViT-B,https://wandb.ai/haodoz0118-brown-university/pre-cp-clip-organamnist,haodong,0.7975,0.0000,0.6371,0.0052,0.8878,0.0039,,haodong,,,,,,,,,
,SimCLR-CP,DINOv3,PathMNIST,100,ViT-B,https://wandb.ai/haodoz0118-brown-university/pre-cp-dinov3-pathmnist,haodong,0.6509,0.0697,0.7634,0.0359,0.8757,0.0232,,haodong,,,,,,,,,
,SimCLR-CP,DINOv3,PathMNIST,500,ViT-B,https://wandb.ai/haodoz0118-brown-university/pre-cp-dinov3-pathmnist,haodong,0.7928,0.0148,0.8557,0.0054,0.9304,0.0110,,haodong,,,,,,,,,
,SimCLR-CP,DINOv3,PathMNIST,1000,ViT-B,https://wandb.ai/haodoz0118-brown-university/pre-cp-dinov3-pathmnist,haodong,0.8154,0.0050,0.8648,0.0116,0.9334,0.0061,,haodong,,,,,,,,,
,SimCLR-CP,DINOv3,PathMNIST,10000,ViT-B,https://wandb.ai/haodoz0118-brown-university/pre-cp-dinov3-pathmnist,haodong,0.8702,0.0006,0.8940,0.0026,0.9502,0.0101,,haodong,,,,,,,,,
,SimCLR-CP,DINOv3,PathMNIST,25000,ViT-B,https://wandb.ai/haodoz0118-brown-university/pre-cp-dinov3-pathmnist,haodong,0.8757,0.0004,0.8950,0.0020,0.9510,0.0042,,haodong,,,,,,,,,
,SimCLR-CP,DINOv3,PathMNIST,MAX (89996),ViT-B,https://wandb.ai/haodoz0118-brown-university/pre-cp-dinov3-pathmnist,haodong,0.8840,0.0000,0.9036,0.0007,0.9488,0.0085,,haodong,,,,,,,,,
,SimCLR-CP,MAE,PathMNIST,1000,ViT-B,https://wandb.ai/haodoz0118-brown-university/pre-cp-mae-pathmnist,haodong,0.7183,0.0102,0.8440,0.0134,0.9277,0.0067,,haodong,,,,,,,,,
,SimCLR-CP,MAE,PathMNIST,MAX (89996),ViT-B,https://wandb.ai/haodoz0118-brown-university/pre-cp-mae-pathmnist,haodong,0.8374,0.0000,0.8865,0.0027,0.9415,0.0026,,haodong,,,,,,,,,
,SimCLR-CP,CLIP,PathMNIST,1000,ViT-B,https://wandb.ai/haodoz0118-brown-university/pre-cp-clip-pathmnist,haodong,0.6999,0.0147,0.8151,0.0119,0.9255,0.0092,,haodong,,,,,,,,,
,SimCLR-CP,CLIP,PathMNIST,MAX (89996),ViT-B,https://wandb.ai/haodoz0118-brown-university/pre-cp-clip-pathmnist,haodong,0.8002,0.0000,0.8841,0.0019,0.9379,0.0030,,haodong,,,,,,,,,
,SimCLR-CP,DINOv3,Galaxy10,100,ViT-B,https://wandb.ai/haodoz0118-brown-university/pre-cp-dinov3-galaxy10,haodong,0.3428,0.0348,0.3579,0.0339,0.5525,0.0290,,haodong,,,,,,,,,
,SimCLR-CP,DINOv3,Galaxy10,500,ViT-B,https://wandb.ai/haodoz0118-brown-university/pre-cp-dinov3-galaxy10,haodong,0.4434,0.0140,0.5107,0.0102,0.6738,0.0163,,haodong,,,,,,,,,
,SimCLR-CP,DINOv3,Galaxy10,1000,ViT-B,https://wandb.ai/haodoz0118-brown-university/pre-cp-dinov3-galaxy10,haodong,0.4652,0.0125,0.5612,0.0107,0.7145,0.0129,,haodong,,,,,,,,,
,SimCLR-CP,DINOv3,Galaxy10,10000,ViT-B,https://wandb.ai/haodoz0118-brown-university/pre-cp-dinov3-galaxy10,haodong,0.5450,0.0062,0.6058,0.0187,0.7994,0.0047,,haodong,,,,,,,,,
,SimCLR-CP,DINOv3,Galaxy10,MAX (14188),ViT-B,https://wandb.ai/haodoz0118-brown-university/pre-cp-dinov3-galaxy10,haodong,0.5625,0.0137,0.6122,0.0098,0.8016,0.0130,,haodong,,,,,,,,,
,SimCLR-CP,MAE,Galaxy10,1000,ViT-B,https://wandb.ai/haodoz0118-brown-university/pre-cp-mae-galaxy10,haodong,0.2518,0.0125,0.3265,0.0047,0.7058,0.0028,,haodong,,,,,,,,,
,SimCLR-CP,MAE,Galaxy10,MAX (14188),ViT-B,https://wandb.ai/haodoz0118-brown-university/pre-cp-mae-galaxy10,haodong,0.3415,0.0128,0.3587,0.0053,0.8133,0.0043,,haodong,,,,,,,,,
,SimCLR-CP,CLIP,Galaxy10,1000,ViT-B,https://wandb.ai/haodoz0118-brown-university/pre-cp-clip-galaxy10,haodong,0.3707,0.0123,0.3853,0.0331,0.6649,0.0057,,haodong,,,,,,,,,
,SimCLR-CP,CLIP,Galaxy10,MAX (14188),ViT-B,https://wandb.ai/haodoz0118-brown-university/pre-cp-clip-galaxy10,haodong,0.4428,0.0176,0.4569,0.0217,0.8074,0.0075,,haodong,,,,,,,,,
,SimCLR-CP,DINOv3,Food101,101,ViT-B,https://wandb.ai/haodoz0118-brown-university/pre-cp-diet-dinov3-food101?nw=nwuserhaodoz0118,haodong,0.5525,0.0227,0.4754,0.0081,0.2965,0.0058,,haodong,,,,,,,,,
,SimCLR-CP,DINOv3,Food101,500,ViT-B,https://wandb.ai/haodoz0118-brown-university/pre-cp-diet-dinov3-food101?nw=nwuserhaodoz0118,haodong,0.7098,0.0093,0.7803,0.0069,0.6546,0.0016,,haodong,,,,,,,,,
,SimCLR-CP,DINOv3,Food101,1000,ViT-B,https://wandb.ai/haodoz0118-brown-university/pre-cp-diet-dinov3-food101?nw=nwuserhaodoz0118,haodong,0.7734,0.0049,0.8379,0.0034,0.7359,0.0072,,haodong,,,,,,,,,
,SimCLR-CP,DINOv3,Food101,10000,ViT-B,https://wandb.ai/haodoz0118-brown-university/pre-cp-diet-dinov3-food101?nw=nwuserhaodoz0118,haodong,0.8741,0.0013,0.9115,0.0029,0.8583,0.0027,,haodong,,,,,,,,,
,SimCLR-CP,DINOv3,Food101,25000,ViT-B,https://wandb.ai/haodoz0118-brown-university/pre-cp-diet-dinov3-food101?nw=nwuserhaodoz0118,haodong,0.8935,0.0026,0.9276,0.0010,0.8833,0.0038,,haodong,,,,,,,,,
,SimCLR-CP,DINOv3,Food101,MAX (75750),ViT-B,https://wandb.ai/haodoz0118-brown-university/pre-cp-diet-dinov3-food101?nw=nwuserhaodoz0118,haodong,0.9124,0.0000,0.9381,0.0009,0.9033,0.0032,,haodong,,,,,,,,,
,SimCLR-CP,MAE,Food101,1000,ViT-B,https://wandb.ai/haodoz0118-brown-university/pre-cp-mae-food101?nw=nwuserhaodoz0118,haodong,0.0318,0.0005,0.1574,0.0054,0.3904,0.0089,,haodong,,,,,,,,,
,SimCLR-CP,MAE,Food101,MAX (75750),ViT-B,https://wandb.ai/haodoz0118-brown-university/pre-cp-mae-food101?nw=nwuserhaodoz0118,haodong,0.1034,0.0000,0.4305,0.0014,0.8719,0.0015,,haodong,,,,,,,,,
,SimCLR-CP,CLIP,Food101,1000,ViT-B,https://wandb.ai/haodoz0118-brown-university/pre-cp-clip-food101?nw=nwuserhaodoz0118,haodong,0.6995,0.0083,0.7093,0.0064,0.4302,0.0034,,haodong,,,,,,,,,
,SimCLR-CP,CLIP,Food101,MAX (75750),ViT-B,https://wandb.ai/haodoz0118-brown-university/pre-cp-clip-food101?nw=nwuserhaodoz0118,haodong,0.8683,0.0000,0.8933,0.0005,0.8496,0.0019,,haodong,,,,,,,,,
,SimCLR-CP,DINOv3,FGVC_Aircraft,100,ViT-B,https://wandb.ai/haodoz0118-brown-university/pre-cp-dinov3-fgvc_aircraft,haodong,0.3487,0.0199,0.2711,0.0132,0.1388,0.0056,,haodong,,,,,,,,,
,SimCLR-CP,DINOv3,FGVC_Aircraft,500,ViT-B,https://wandb.ai/haodoz0118-brown-university/pre-cp-dinov3-fgvc_aircraft,haodong,0.4463,0.0040,0.5199,0.0069,0.4658,0.0214,,haodong,,,,,,,,,
,SimCLR-CP,DINOv3,FGVC_Aircraft,1000,ViT-B,https://wandb.ai/haodoz0118-brown-university/pre-cp-dinov3-fgvc_aircraft,haodong,0.5152,0.0013,0.6079,0.0158,0.6085,0.0113,,haodong,,,,,,,,,
,SimCLR-CP,DINOv3,FGVC_Aircraft,MAX (3400),ViT-B,https://wandb.ai/haodoz0118-brown-university/pre-cp-dinov3-fgvc_aircraft,haodong,0.6239,0.0000,0.7258,0.0085,0.8005,0.0097,,haodong,,,,,,,,,
,SimCLR-CP,MAE,FGVC_Aircraft,1000,ViT-B,https://wandb.ai/haodoz0118-brown-university/pre-cp-mae-fgvc_aircraft,haodong,0.0400,0.0024,0.0548,0.0020,0.3493,0.0180,,haodong,,,,,,,,,
,SimCLR-CP,MAE,FGVC_Aircraft,MAX (3400),ViT-B,https://wandb.ai/haodoz0118-brown-university/pre-cp-mae-fgvc_aircraft,haodong,0.0511,0.0000,0.0820,0.0029,0.6742,0.0036,,haodong,,,,,,,,,
,SimCLR-CP,CLIP,FGVC_Aircraft,1000,ViT-B,https://wandb.ai/haodoz0118-brown-university/pre-cp-clip-fgvc_aircraft,haodong,0.2792,0.0018,0.3050,0.0027,0.3789,0.0024,,haodong,,,,,,,,,
,SimCLR-CP,CLIP,FGVC_Aircraft,MAX (3400),ViT-B,https://wandb.ai/haodoz0118-brown-university/pre-cp-clip-fgvc_aircraft,haodong,0.3512,0.0000,0.4038,0.0050,0.6052,0.0018,,haodong,,,,,,,,,
,,,,,,,,,,,,,,,,,,,,,,,,
,,,,,,,,,,,,,,,,,,,,,,,,
Baselines,LeJEPA-CP,FROM SCRATCH,DermaMNIST,100,ViT-B,https://wandb.ai/haodoz0118-brown-university/rand-pre-cp-scratch-dermamnist,haodong,0.1456,0.0203,0.1838,0.0067,0.2595,0.0155,,haodong,0.146388,0.017545,0.209772,0.013652,0.235979,0.003714,0.0008,0.0260,-0.0235
,LeJEPA-CP,FROM SCRATCH,DermaMNIST,500,ViT-B,https://wandb.ai/haodoz0118-brown-university/rand-pre-cp-scratch-dermamnist,haodong,0.1841,0.0109,0.2032,0.0099,0.3785,0.0257,,haodong,0.213383,0.024752,0.257969,0.030027,0.388499,0.010889,0.0293,0.0548,0.0100
,LeJEPA-CP,FROM SCRATCH,DermaMNIST,1000,ViT-B,https://wandb.ai/haodoz0118-brown-university/rand-pre-cp-scratch-dermamnist,haodong,0.1842,0.0171,0.2222,0.0078,0.4484,0.0192,,haodong,0.239285,0.020477,0.277830,0.006505,0.465549,0.010658,0.0551,0.0556,0.0171
,LeJEPA-CP,FROM SCRATCH,DermaMNIST,MAX (7007),ViT-B,https://wandb.ai/haodoz0118-brown-university/rand-pre-cp-scratch-dermamnist,haodong,0.2360,0.0103,0.2554,0.0123,0.6599,0.0095,,haodong,0.384659,0.012224,0.410523,0.013538,0.680196,0.006893,0.1487,0.1551,0.0203
,LeJEPA-CP,FROM SCRATCH,BreastMNIST,100,ViT-B,https://wandb.ai/haodoz0118-brown-university/rand-pre-cp-scratch-breastmnist,haodong,0.4690,0.0244,0.5309,0.0710,0.6629,0.0079,,haodong,0.457912,0.026810,0.566240,0.024736,0.627432,0.046475,-0.0111,0.0353,-0.0355
,LeJEPA-CP,FROM SCRATCH,BreastMNIST,500,ViT-B,https://wandb.ai/haodoz0118-brown-university/rand-pre-cp-scratch-breastmnist,haodong,0.5768,0.0304,0.6089,0.0704,0.7494,0.0286,,haodong,0.671190,0.036203,0.605534,0.006780,0.744501,0.013703,0.0944,-0.0034,-0.0049
,LeJEPA-CP,FROM SCRATCH,BreastMNIST,MAX (546),ViT-B,https://wandb.ai/haodoz0118-brown-university/rand-pre-cp-scratch-breastmnist,haodong,0.5854,0.0082,0.5410,0.0143,0.7729,0.0312,,haodong,0.689033,0.036995,0.527171,0.047602,0.747631,0.022674,0.1036,-0.0138,-0.0253
,LeJEPA-CP,FROM SCRATCH,OCTMNIST,100,ViT-B,https://wandb.ai/haodoz0118-brown-university/rand-pre-cp-scratch-octmnist,haodong,0.2371,0.0041,0.2187,0.0334,0.4820,0.0410,,haodong,0.237819,0.002216,0.270070,0.022926,0.452081,0.037786,0.0007,0.0514,-0.0299
,LeJEPA-CP,FROM SCRATCH,OCTMNIST,500,ViT-B,https://wandb.ai/haodoz0118-brown-university/rand-pre-cp-scratch-octmnist,haodong,0.2358,0.0109,0.2471,0.0180,0.6301,0.0390,,haodong,0.301170,0.013288,0.390986,0.023650,0.594204,0.029196,0.0654,0.1439,-0.0359
,LeJEPA-CP,FROM SCRATCH,OCTMNIST,1000,ViT-B,https://wandb.ai/haodoz0118-brown-university/rand-pre-cp-scratch-octmnist,haodong,0.2463,0.0041,0.2607,0.0433,0.6475,0.0390,,haodong,0.311806,0.002974,0.426587,0.010602,0.653438,0.014984,0.0655,0.1659,0.0059
,LeJEPA-CP,FROM SCRATCH,OCTMNIST,10000,ViT-B,https://wandb.ai/haodoz0118-brown-university/rand-pre-cp-scratch-octmnist,haodong,0.2506,0.0015,0.2431,0.0009,0.7944,0.0124,,haodong,0.420995,0.022793,0.485059,0.012133,0.810236,0.010310,0.1704,0.2420,0.0158
,LeJEPA-CP,FROM SCRATCH,OCTMNIST,25000,ViT-B,https://wandb.ai/haodoz0118-brown-university/rand-pre-cp-scratch-octmnist,haodong,0.2482,0.0029,0.2376,0.0060,0.8485,0.0103,,haodong,0.692859,0.010776,0.697516,0.020762,0.843300,0.012037,0.4447,0.4599,-0.0052
,LeJEPA-CP,FROM SCRATCH,OCTMNIST,MAX (97477),ViT-B,https://wandb.ai/haodoz0118-brown-university/rand-pre-cp-scratch-octmnist,haodong,0.2504,0.0022,0.2265,0.0068,0.8828,0.0069,,haodong,0.771207,0.030191,0.822146,0.030749,0.89214,0.010279,0.5209,0.5956,0.0094
,LeJEPA-CP,FROM SCRATCH,OrganAMNIST,100,ViT-B,https://wandb.ai/haodoz0118-brown-university/rand-pre-cp-scratch-organamnist,haodong,0.3630,0.0274,0.3934,0.0172,0.5012,0.0207,,haodong,0.358265,0.034833,0.384047,0.016052,0.470337,0.003778,-0.0047,-0.0094,-0.0309
,LeJEPA-CP,FROM SCRATCH,OrganAMNIST,500,ViT-B,https://wandb.ai/haodoz0118-brown-university/rand-pre-cp-scratch-organamnist,haodong,0.4910,0.0293,0.4906,0.0175,0.6047,0.0043,,haodong,0.512867,0.015742,0.480508,0.021953,0.580809,0.017622,0.0219,-0.0101,-0.0239
,LeJEPA-CP,FROM SCRATCH,OrganAMNIST,1000,ViT-B,https://wandb.ai/haodoz0118-brown-university/rand-pre-cp-scratch-organamnist,haodong,0.5407,0.0043,0.4963,0.0113,0.6845,0.0005,,haodong,0.583115,0.007426,0.492218,0.012846,0.648924,0.001714,0.0424,-0.0041,-0.0356
,LeJEPA-CP,FROM SCRATCH,OrganAMNIST,10000,ViT-B,https://wandb.ai/haodoz0118-brown-university/rand-pre-cp-scratch-organamnist,haodong,0.6355,0.0050,0.5025,0.0095,0.8080,0.0061,,haodong,0.799589,0.007126,0.665854,0.005576,0.800807,0.004340,0.1641,0.1634,-0.0072
,LeJEPA-CP,FROM SCRATCH,OrganAMNIST,25000,ViT-B,https://wandb.ai/haodoz0118-brown-university/rand-pre-cp-scratch-organamnist,haodong,0.6506,0.0031,0.5121,0.0111,0.8354,0.0029,,haodong,0.828459,0.007706,0.742487,0.008271,0.809287,0.002442,0.1779,0.2304,-0.0261
,LeJEPA-CP,FROM SCRATCH,OrganAMNIST,MAX (34561),ViT-B,https://wandb.ai/haodoz0118-brown-university/rand-pre-cp-scratch-organamnist,haodong,0.6510,0.0040,0.5100,0.0082,0.8308,0.0027,,haodong,0.839999,0.011763,0.797377,0.008146,0.832951,0.002898,0.1890,0.2874,0.0022
,LeJEPA-CP,FROM SCRATCH,PathMNIST,100,ViT-B,https://wandb.ai/haodoz0118-brown-university/rand-pre-cp-scratch-pathmnist,haodong,0.4080,0.0134,0.4576,0.0865,0.6697,0.0105,,haodong,0.427479,0.011704,0.468037,0.013151,0.610300,0.027619,0.0195,0.0104,-0.0594
,LeJEPA-CP,FROM SCRATCH,PathMNIST,500,ViT-B,https://wandb.ai/haodoz0118-brown-university/rand-pre-cp-scratch-pathmnist,haodong,0.4865,0.0149,0.5835,0.0124,0.8301,0.0170,,haodong,0.602889,0.021314,0.599096,0.032791,0.765435,0.023255,0.1164,0.0156,-0.0647
,LeJEPA-CP,FROM SCRATCH,PathMNIST,1000,ViT-B,https://wandb.ai/haodoz0118-brown-university/rand-pre-cp-scratch-pathmnist,haodong,0.4974,0.0182,0.5266,0.0171,0.8578,0.0106,,haodong,0.646109,0.021583,0.637856,0.010624,0.797481,0.004415,0.1487,0.1113,-0.0603
,LeJEPA-CP,FROM SCRATCH,PathMNIST,10000,ViT-B,https://wandb.ai/haodoz0118-brown-university/rand-pre-cp-scratch-pathmnist,haodong,0.6380,0.0067,0.5482,0.0012,0.9027,0.0070,,haodong,0.837060,0.003895,0.848359,0.005051,0.905532,0.005992,0.1991,0.3002,0.0028
,LeJEPA-CP,FROM SCRATCH,PathMNIST,25000,ViT-B,https://wandb.ai/haodoz0118-brown-university/rand-pre-cp-scratch-pathmnist,haodong,0.6611,0.0100,0.5502,0.0119,0.9052,0.0056,,haodong,0.887554,0.005424,0.893742,0.006079,0.913916,0.005036,0.2265,0.3435,0.0087
,LeJEPA-CP,FROM SCRATCH,PathMNIST,MAX (89996),ViT-B,https://wandb.ai/haodoz0118-brown-university/rand-pre-cp-scratch-pathmnist,haodong,0.6798,0.0090,0.5541,0.0174,0.9065,0.0032,,haodong,0.923624,0.008945,0.929092,0.006709,0.922724,0.004363,0.2439,0.3750,0.0163
,LeJEPA-CP,FROM SCRATCH,Galaxy10,100,ViT-B,https://wandb.ai/haodoz0118-brown-university/sft-rand-galaxy10?nw=nwuserhaodoz0118,haodong,0.1277,0.0172,0.1439,0.0062,0.2971,0.0119,,haodong,0.140118,0.013433,0.121836,0.001526,0.240449,0.007997,0.0124,-0.0221,-0.0567
,LeJEPA-CP,FROM SCRATCH,Galaxy10,500,ViT-B,https://wandb.ai/haodoz0118-brown-university/sft-rand-galaxy10?nw=nwuserhaodoz0118,haodong,0.1539,0.0042,0.1565,0.0059,0.5225,0.0191,,haodong,0.246188,0.009372,0.236521,0.014417,0.474613,0.003471,0.0923,0.0800,-0.0479
,LeJEPA-CP,FROM SCRATCH,Galaxy10,1000,ViT-B,https://wandb.ai/haodoz0118-brown-university/sft-rand-galaxy10?nw=nwuserhaodoz0118,haodong,0.1682,0.0082,0.1513,0.0173,0.6074,0.0125,,haodong,0.274971,0.011046,0.279008,0.015656,0.556073,0.014663,0.1068,0.1277,-0.0513
,LeJEPA-CP,FROM SCRATCH,Galaxy10,10000,ViT-B,https://wandb.ai/haodoz0118-brown-university/sft-rand-galaxy10?nw=nwuserhaodoz0118,haodong,0.1743,0.0089,0.1277,0.0032,0.7507,0.0092,,haodong,0.486410,0.016263,0.476894,0.019923,0.749784,0.000213,0.3121,0.3492,-0.0009
,LeJEPA-CP,FROM SCRATCH,Galaxy10,MAX (14188),ViT-B,https://wandb.ai/haodoz0118-brown-university/sft-rand-galaxy10?nw=nwuserhaodoz0118,haodong,0.1849,0.0027,0.1291,0.0056,0.7731,0.0123,,haodong,0.513733,0.004258,0.523096,0.017323,0.762378,0.016319,0.3288,0.3940,-0.0107
,LeJEPA-CP,FROM SCRATCH,Food101,100,ViT-B,https://wandb.ai/haodoz0118-brown-university/rand-pre-cp-diet-scratch-food101?nw=nwuserhaodoz0118,haodong,0.0148,0.0014,0.0104,0.0007,0.0211,0.0037,,haodong,0.014692,0.001548,0.012172,0.001160,0.017408,0.002684,-0.0001,0.0018,-0.0037
,LeJEPA-CP,FROM SCRATCH,Food101,500,ViT-B,https://wandb.ai/haodoz0118-brown-university/rand-pre-cp-diet-scratch-food101?nw=nwuserhaodoz0118,haodong,0.0181,0.0012,0.0195,0.0014,0.0414,0.0022,,haodong,0.020214,0.001689,0.022886,0.002330,0.043920,0.001966,0.0021,0.0034,0.0025
,LeJEPA-CP,FROM SCRATCH,Food101,1000,ViT-B,https://wandb.ai/haodoz0118-brown-university/rand-pre-cp-diet-scratch-food101?nw=nwuserhaodoz0118,haodong,0.0195,0.0010,0.0233,0.0009,0.0617,0.0016,,haodong,0.025954,0.001899,0.030245,0.002231,0.067304,0.002857,0.0065,0.0069,0.0056
,LeJEPA-CP,FROM SCRATCH,Food101,10000,ViT-B,https://wandb.ai/haodoz0118-brown-university/rand-pre-cp-diet-scratch-food101?nw=nwuserhaodoz0118,haodong,0.0296,0.0014,0.0386,0.0023,0.2212,0.0021,,haodong,0.084904,0.002553,0.123178,0.007560,0.265329,0.003747,0.0553,0.0846,0.0441
,LeJEPA-CP,FROM SCRATCH,Food101,25000,ViT-B,https://wandb.ai/haodoz0118-brown-university/rand-pre-cp-diet-scratch-food101?nw=nwuserhaodoz0118,haodong,0.0320,0.0015,0.0427,0.0004,0.3785,0.0073,,haodong,0.138184,0.000755,0.204353,0.001144,0.433875,0.002306,0.1062,0.1617,0.0554
,LeJEPA-CP,FROM SCRATCH,Food101,MAX (75750),ViT-B,https://wandb.ai/haodoz0118-brown-university/rand-pre-cp-diet-scratch-food101?nw=nwuserhaodoz0118,haodong,0.0395,0.0002,0.0433,0.0021,0.6312,0.0024,,haodong,0.45391,0.008705,0.55544,0.002486,0.781274,0.002603,0.4144,0.5121,0.1501
,LeJEPA-CP,FROM SCRATCH,FGVC_Aircraft,100,ViT-B,https://wandb.ai/haodoz0118-brown-university/sft-rand-fgvc_aircraft?nw=nwuserhaodoz0118,haodong,0.0146,0.0032,0.0131,0.0031,0.0156,0.0015,,haodong,0.013903,0.003970,0.011628,0.002798,0.019453,0.000512,-0.0007,-0.0015,0.0039
,LeJEPA-CP,FROM SCRATCH,FGVC_Aircraft,500,ViT-B,https://wandb.ai/haodoz0118-brown-university/sft-rand-fgvc_aircraft?nw=nwuserhaodoz0118,haodong,0.0219,0.0019,0.0163,0.0027,0.0361,0.0021,,haodong,0.022480,0.001763,0.017870,0.000260,0.040751,0.002480,0.0006,0.0016,0.0047
,LeJEPA-CP,FROM SCRATCH,FGVC_Aircraft,1000,ViT-B,https://wandb.ai/haodoz0118-brown-university/sft-rand-fgvc_aircraft?nw=nwuserhaodoz0118,haodong,0.0251,0.0019,0.0204,0.0030,0.0514,0.0040,,haodong,0.027352,0.001988,0.024463,0.001003,0.056710,0.003517,0.0023,0.0041,0.0053
,LeJEPA-CP,FROM SCRATCH,FGVC_Aircraft,MAX (3400),ViT-B,https://wandb.ai/haodoz0118-brown-university/sft-rand-fgvc_aircraft?nw=nwuserhaodoz0118,haodong,0.0302,0.0016,0.0233,0.0035,0.0961,0.0009,,haodong,0.046199,0.003161,0.035884,0.004132,0.125153,0.004538,0.0160,0.0126,0.0291
