run_id,group,cookbook_row,num_trained_blocks,backbone,dataset,n_samples,model_size,run,pre_knn_f1,pre_knn_f1_std,pre_linear_f1,pre_linear_f1_std,post_knn_f1,post_knn_f1_std,post_linear_f1,post_linear_f1_std,post_sft_f1,post_sft_f1_std
pretrained_dermamnist_dinov3_n100,pretrained,3,2,DINOv3,DermaMNIST,100,ViT-B,42,,,,,0.118471,,0.260497,,0.384463,
pretrained_dermamnist_dinov3_n100,pretrained,3,2,DINOv3,DermaMNIST,100,ViT-B,43,,,,,0.115817,,0.283043,,0.351985,
pretrained_dermamnist_dinov3_n100,pretrained,3,2,DINOv3,DermaMNIST,100,ViT-B,44,,,,,0.124737,,0.314547,,0.298703,
pretrained_dermamnist_dinov3_n100,pretrained,3,2,DINOv3,DermaMNIST,100,ViT-B,average,,,,,0.119675,0.004580,0.286029,0.027148,0.345050,0.043298
pretrained_dermamnist_dinov3_n500,pretrained,4,2,DINOv3,DermaMNIST,500,ViT-B,42,,,,,0.254889,,0.414266,,0.489936,
pretrained_dermamnist_dinov3_n500,pretrained,4,2,DINOv3,DermaMNIST,500,ViT-B,43,,,,,0.260827,,0.357483,,0.510096,
pretrained_dermamnist_dinov3_n500,pretrained,4,2,DINOv3,DermaMNIST,500,ViT-B,44,,,,,0.235906,,0.421461,,0.560531,
pretrained_dermamnist_dinov3_n500,pretrained,4,2,DINOv3,DermaMNIST,500,ViT-B,average,,,,,0.250541,0.013017,0.397737,0.035046,0.520188,0.036363
pretrained_dermamnist_dinov3_n1000,pretrained,5,2,DINOv3,DermaMNIST,1000,ViT-B,42,,,,,0.321023,,0.477672,,0.571838,
pretrained_dermamnist_dinov3_n1000,pretrained,5,2,DINOv3,DermaMNIST,1000,ViT-B,43,,,,,0.331314,,0.464489,,0.604129,
pretrained_dermamnist_dinov3_n1000,pretrained,5,2,DINOv3,DermaMNIST,1000,ViT-B,44,,,,,0.311588,,0.523092,,0.611279,
pretrained_dermamnist_dinov3_n1000,pretrained,5,2,DINOv3,DermaMNIST,1000,ViT-B,average,,,,,0.321309,0.009866,0.488418,0.030743,0.595749,0.021014
pretrained_dermamnist_dinov3_n7007,pretrained,6,4,DINOv3,DermaMNIST,7007,ViT-B,42,,,,,0.527854,,0.664933,,0.875687,
pretrained_dermamnist_dinov3_n7007,pretrained,6,4,DINOv3,DermaMNIST,7007,ViT-B,43,,,,,0.526832,,0.692507,,0.860580,
pretrained_dermamnist_dinov3_n7007,pretrained,6,4,DINOv3,DermaMNIST,7007,ViT-B,44,,,,,0.539013,,0.637841,,0.866064,
pretrained_dermamnist_dinov3_n7007,pretrained,6,4,DINOv3,DermaMNIST,7007,ViT-B,average,,,,,0.531233,0.006757,0.665094,0.027334,0.867444,0.007647
pretrained_dermamnist_mae_n1000,pretrained,7,2,MAE,DermaMNIST,1000,ViT-B,42,,,,,0.289863,,0.356124,,0.519070,
pretrained_dermamnist_mae_n1000,pretrained,7,2,MAE,DermaMNIST,1000,ViT-B,43,,,,,0.267536,,0.321277,,0.579111,
pretrained_dermamnist_mae_n1000,pretrained,7,2,MAE,DermaMNIST,1000,ViT-B,44,,,,,0.291321,,0.355268,,0.549074,
pretrained_dermamnist_mae_n1000,pretrained,7,2,MAE,DermaMNIST,1000,ViT-B,average,,,,,0.282907,0.013332,0.344223,0.019876,0.549085,0.030020
pretrained_dermamnist_mae_n7007,pretrained,8,4,MAE,DermaMNIST,7007,ViT-B,42,,,,,0.378557,,0.426957,,0.831334,
pretrained_dermamnist_mae_n7007,pretrained,8,4,MAE,DermaMNIST,7007,ViT-B,43,,,,,0.375928,,0.420156,,0.824998,
pretrained_dermamnist_mae_n7007,pretrained,8,4,MAE,DermaMNIST,7007,ViT-B,44,,,,,0.380479,,0.378023,,0.828577,
pretrained_dermamnist_mae_n7007,pretrained,8,4,MAE,DermaMNIST,7007,ViT-B,average,,,,,0.378321,0.002285,0.408379,0.026508,0.828303,0.003177
pretrained_dermamnist_clip_n1000,pretrained,9,2,CLIP,DermaMNIST,1000,ViT-B,42,,,,,0.286389,,0.349877,,0.549234,
pretrained_dermamnist_clip_n1000,pretrained,9,2,CLIP,DermaMNIST,1000,ViT-B,43,,,,,0.299706,,0.350044,,0.547917,
pretrained_dermamnist_clip_n1000,pretrained,9,2,CLIP,DermaMNIST,1000,ViT-B,44,,,,,0.330761,,0.391202,,0.551823,
pretrained_dermamnist_clip_n1000,pretrained,9,2,CLIP,DermaMNIST,1000,ViT-B,average,,,,,0.305619,0.022769,0.363708,0.023811,0.549658,0.001987
pretrained_dermamnist_clip_n7007,pretrained,10,4,CLIP,DermaMNIST,7007,ViT-B,42,,,,,0.438219,,0.482636,,0.824389,
pretrained_dermamnist_clip_n7007,pretrained,10,4,CLIP,DermaMNIST,7007,ViT-B,43,,,,,0.434066,,0.471058,,0.820303,
pretrained_dermamnist_clip_n7007,pretrained,10,4,CLIP,DermaMNIST,7007,ViT-B,44,,,,,0.444857,,0.460813,,0.796986,
pretrained_dermamnist_clip_n7007,pretrained,10,4,CLIP,DermaMNIST,7007,ViT-B,average,,,,,0.439048,0.005443,0.471502,0.010918,0.813892,0.014783
pretrained_breastmnist_dinov3_n100,pretrained,11,2,DINOv3,BreastMNIST,100,ViT-B,42,,,,,0.635573,,0.673945,,0.805074,
pretrained_breastmnist_dinov3_n100,pretrained,11,2,DINOv3,BreastMNIST,100,ViT-B,43,,,,,0.556818,,0.734535,,0.788124,
pretrained_breastmnist_dinov3_n100,pretrained,11,2,DINOv3,BreastMNIST,100,ViT-B,44,,,,,0.507576,,0.607292,,0.776466,
pretrained_breastmnist_dinov3_n100,pretrained,11,2,DINOv3,BreastMNIST,100,ViT-B,average,,,,,0.566656,0.064563,0.671924,0.063645,0.789888,0.014385
pretrained_breastmnist_dinov3_n500,pretrained,12,2,DINOv3,BreastMNIST,500,ViT-B,42,,,,,0.870682,,0.874940,,0.902256,
pretrained_breastmnist_dinov3_n500,pretrained,12,2,DINOv3,BreastMNIST,500,ViT-B,43,,,,,0.880342,,0.827642,,0.874940,
pretrained_breastmnist_dinov3_n500,pretrained,12,2,DINOv3,BreastMNIST,500,ViT-B,44,,,,,0.870682,,0.832644,,0.889825,
pretrained_breastmnist_dinov3_n500,pretrained,12,2,DINOv3,BreastMNIST,500,ViT-B,average,,,,,0.873902,0.005577,0.845075,0.025984,0.889007,0.013676
pretrained_breastmnist_dinov3_n546,pretrained,13,2,DINOv3,BreastMNIST,546,ViT-B,42,,,,,0.870682,,0.846154,,0.893302,
pretrained_breastmnist_dinov3_n546,pretrained,13,2,DINOv3,BreastMNIST,546,ViT-B,43,,,,,0.889825,,0.860472,,0.917285,
pretrained_breastmnist_dinov3_n546,pretrained,13,2,DINOv3,BreastMNIST,546,ViT-B,44,,,,,0.872874,,0.838974,,0.893302,
pretrained_breastmnist_dinov3_n546,pretrained,13,2,DINOv3,BreastMNIST,546,ViT-B,average,,,,,0.877794,0.010476,0.848534,0.010945,0.901297,0.013846
pretrained_breastmnist_mae_n100,pretrained,14,2,MAE,BreastMNIST,100,ViT-B,42,,,,,0.507576,,0.632052,,0.758583,
pretrained_breastmnist_mae_n100,pretrained,14,2,MAE,BreastMNIST,100,ViT-B,43,,,,,0.555254,,0.667094,,0.741542,
pretrained_breastmnist_mae_n100,pretrained,14,2,MAE,BreastMNIST,100,ViT-B,44,,,,,0.569579,,0.531572,,0.783333,
pretrained_breastmnist_mae_n100,pretrained,14,2,MAE,BreastMNIST,100,ViT-B,average,,,,,0.544136,0.032462,0.610239,0.070345,0.761153,0.021014
pretrained_breastmnist_mae_n546,pretrained,15,2,MAE,BreastMNIST,546,ViT-B,42,,,,,0.797403,,0.776518,,0.882328,
pretrained_breastmnist_mae_n546,pretrained,15,2,MAE,BreastMNIST,546,ViT-B,43,,,,,0.783333,,0.753843,,0.899138,
pretrained_breastmnist_mae_n546,pretrained,15,2,MAE,BreastMNIST,546,ViT-B,44,,,,,0.783333,,0.718194,,0.899138,
pretrained_breastmnist_mae_n546,pretrained,15,2,MAE,BreastMNIST,546,ViT-B,average,,,,,0.788023,0.008123,0.749518,0.029402,0.893535,0.009705
pretrained_breastmnist_clip_n100,pretrained,16,2,CLIP,BreastMNIST,100,ViT-B,42,,,,,0.444369,,0.669169,,0.751987,
pretrained_breastmnist_clip_n100,pretrained,16,2,CLIP,BreastMNIST,100,ViT-B,43,,,,,0.422222,,0.638889,,0.826048,
pretrained_breastmnist_clip_n100,pretrained,16,2,CLIP,BreastMNIST,100,ViT-B,44,,,,,0.422222,,0.604396,,0.760567,
pretrained_breastmnist_clip_n100,pretrained,16,2,CLIP,BreastMNIST,100,ViT-B,average,,,,,0.429605,0.012786,0.637485,0.032410,0.779534,0.040510
pretrained_breastmnist_clip_n546,pretrained,17,2,CLIP,BreastMNIST,546,ViT-B,42,,,,,0.794349,,0.812231,,0.891615,
pretrained_breastmnist_clip_n546,pretrained,17,2,CLIP,BreastMNIST,546,ViT-B,43,,,,,0.786008,,0.808544,,0.884199,
pretrained_breastmnist_clip_n546,pretrained,17,2,CLIP,BreastMNIST,546,ViT-B,44,,,,,0.780591,,0.830114,,0.876887,
pretrained_breastmnist_clip_n546,pretrained,17,2,CLIP,BreastMNIST,546,ViT-B,average,,,,,0.786983,0.006930,0.816963,0.011537,0.884234,0.007364
pretrained_octmnist_dinov3_n100,pretrained,18,2,DINOv3,OctMNIST,100,ViT-B,42,,,,,0.304879,,0.528003,,0.680528,
pretrained_octmnist_dinov3_n100,pretrained,18,2,DINOv3,OctMNIST,100,ViT-B,43,,,,,0.296588,,0.493277,,0.683300,
pretrained_octmnist_dinov3_n100,pretrained,18,2,DINOv3,OctMNIST,100,ViT-B,44,,,,,0.313599,,0.517998,,0.736908,
pretrained_octmnist_dinov3_n100,pretrained,18,2,DINOv3,OctMNIST,100,ViT-B,average,,,,,0.305022,0.008506,0.513093,0.017875,0.700245,0.031781
pretrained_octmnist_dinov3_n500,pretrained,19,2,DINOv3,OctMNIST,500,ViT-B,42,,,,,0.684583,,0.805769,,0.840660,
pretrained_octmnist_dinov3_n500,pretrained,19,2,DINOv3,OctMNIST,500,ViT-B,43,,,,,0.674505,,0.852551,,0.868525,
pretrained_octmnist_dinov3_n500,pretrained,19,2,DINOv3,OctMNIST,500,ViT-B,44,,,,,0.651752,,0.808151,,0.794845,
pretrained_octmnist_dinov3_n500,pretrained,19,2,DINOv3,OctMNIST,500,ViT-B,average,,,,,0.670280,0.016818,0.822157,0.026349,0.834677,0.037203
pretrained_octmnist_dinov3_n1000,pretrained,20,2,DINOv3,OctMNIST,1000,ViT-B,42,,,,,0.741538,,0.825072,,0.877603,
pretrained_octmnist_dinov3_n1000,pretrained,20,2,DINOv3,OctMNIST,1000,ViT-B,43,,,,,0.744715,,0.813671,,0.858712,
pretrained_octmnist_dinov3_n1000,pretrained,20,2,DINOv3,OctMNIST,1000,ViT-B,44,,,,,0.727820,,0.756058,,0.833999,
pretrained_octmnist_dinov3_n1000,pretrained,20,2,DINOv3,OctMNIST,1000,ViT-B,average,,,,,0.738024,0.008979,0.798267,0.036996,0.856771,0.021867
pretrained_octmnist_dinov3_n10000,pretrained,21,4,DINOv3,OctMNIST,10000,ViT-B,42,,,,,0.768018,,0.853698,,0.890256,
pretrained_octmnist_dinov3_n10000,pretrained,21,4,DINOv3,OctMNIST,10000,ViT-B,43,,,,,0.766805,,0.865217,,0.895295,
pretrained_octmnist_dinov3_n10000,pretrained,21,4,DINOv3,OctMNIST,10000,ViT-B,44,,,,,0.741696,,0.866729,,0.909179,
pretrained_octmnist_dinov3_n10000,pretrained,21,4,DINOv3,OctMNIST,10000,ViT-B,average,,,,,0.758840,0.014859,0.861881,0.007127,0.898243,0.009800
pretrained_octmnist_dinov3_n25000,pretrained,22,4,DINOv3,OctMNIST,25000,ViT-B,42,,,,,0.752157,,0.859831,,0.914784,
pretrained_octmnist_dinov3_n25000,pretrained,22,4,DINOv3,OctMNIST,25000,ViT-B,43,,,,,0.793647,,0.878401,,0.905884,
pretrained_octmnist_dinov3_n25000,pretrained,22,4,DINOv3,OctMNIST,25000,ViT-B,44,,,,,0.785424,,0.889949,,0.906954,
pretrained_octmnist_dinov3_n25000,pretrained,22,4,DINOv3,OctMNIST,25000,ViT-B,average,,,,,0.777076,0.021969,0.876060,0.015195,0.909207,0.004859
pretrained_octmnist_mae_n1000,pretrained,24,2,MAE,OctMNIST,1000,ViT-B,42,,,,,0.398017,,0.735193,,0.853172,
pretrained_octmnist_mae_n1000,pretrained,24,2,MAE,OctMNIST,1000,ViT-B,43,,,,,0.375638,,0.690098,,0.875287,
pretrained_octmnist_mae_n1000,pretrained,24,2,MAE,OctMNIST,1000,ViT-B,44,,,,,0.450746,,0.518369,,0.841716,
pretrained_octmnist_mae_n1000,pretrained,24,2,MAE,OctMNIST,1000,ViT-B,average,,,,,0.408134,0.038563,0.647887,0.114410,0.856725,0.017065
pretrained_octmnist_clip_n1000,pretrained,26,2,CLIP,OctMNIST,1000,ViT-B,42,,,,,0.465958,,0.728636,,0.727601,
pretrained_octmnist_clip_n1000,pretrained,26,2,CLIP,OctMNIST,1000,ViT-B,43,,,,,0.459579,,0.660681,,0.808250,
pretrained_octmnist_clip_n1000,pretrained,26,2,CLIP,OctMNIST,1000,ViT-B,44,,,,,0.491981,,0.652651,,0.774177,
pretrained_octmnist_clip_n1000,pretrained,26,2,CLIP,OctMNIST,1000,ViT-B,average,,,,,0.472506,0.017165,0.680656,0.041745,0.770009,0.040486
pretrained_organamnist_dinov3_n100,pretrained,28,2,DINOv3,OrganAMNIST,100,ViT-B,42,,,,,0.481107,,0.491091,,0.592472,
pretrained_organamnist_dinov3_n100,pretrained,28,2,DINOv3,OrganAMNIST,100,ViT-B,43,,,,,0.500928,,0.538554,,0.588768,
pretrained_organamnist_dinov3_n100,pretrained,28,2,DINOv3,OrganAMNIST,100,ViT-B,44,,,,,0.471996,,0.545551,,0.613456,
pretrained_organamnist_dinov3_n100,pretrained,28,2,DINOv3,OrganAMNIST,100,ViT-B,average,,,,,0.484677,0.014793,0.525066,0.029630,0.598232,0.013314
pretrained_organamnist_dinov3_n500,pretrained,29,2,DINOv3,OrganAMNIST,500,ViT-B,42,,,,,0.751125,,0.735910,,0.743407,
pretrained_organamnist_dinov3_n500,pretrained,29,2,DINOv3,OrganAMNIST,500,ViT-B,43,,,,,0.722369,,0.708707,,0.752184,
pretrained_organamnist_dinov3_n500,pretrained,29,2,DINOv3,OrganAMNIST,500,ViT-B,44,,,,,0.723113,,0.708185,,0.734067,
pretrained_organamnist_dinov3_n500,pretrained,29,2,DINOv3,OrganAMNIST,500,ViT-B,average,,,,,0.732202,0.016392,0.717601,0.015859,0.743219,0.009060
pretrained_organamnist_dinov3_n1000,pretrained,30,2,DINOv3,OrganAMNIST,1000,ViT-B,42,,,,,0.783371,,0.766895,,0.784538,
pretrained_organamnist_dinov3_n1000,pretrained,30,2,DINOv3,OrganAMNIST,1000,ViT-B,43,,,,,0.759768,,0.739073,,0.806103,
pretrained_organamnist_dinov3_n1000,pretrained,30,2,DINOv3,OrganAMNIST,1000,ViT-B,44,,,,,0.784464,,0.754226,,0.784244,
pretrained_organamnist_dinov3_n1000,pretrained,30,2,DINOv3,OrganAMNIST,1000,ViT-B,average,,,,,0.775868,0.013954,0.753398,0.013929,0.791628,0.012536
pretrained_organamnist_dinov3_n10000,pretrained,31,4,DINOv3,OrganAMNIST,10000,ViT-B,42,,,,,0.878032,,0.848773,,0.879928,
pretrained_organamnist_dinov3_n10000,pretrained,31,4,DINOv3,OrganAMNIST,10000,ViT-B,43,,,,,0.865124,,0.834180,,0.880044,
pretrained_organamnist_dinov3_n10000,pretrained,31,4,DINOv3,OrganAMNIST,10000,ViT-B,44,,,,,0.848998,,0.804735,,0.877625,
pretrained_organamnist_dinov3_n10000,pretrained,31,4,DINOv3,OrganAMNIST,10000,ViT-B,average,,,,,0.864051,0.014547,0.829229,0.022433,0.879199,0.001364
pretrained_organamnist_dinov3_n25000,pretrained,32,4,DINOv3,OrganAMNIST,25000,ViT-B,42,,,,,0.876867,,0.826821,,0.880310,
pretrained_organamnist_dinov3_n25000,pretrained,32,4,DINOv3,OrganAMNIST,25000,ViT-B,43,,,,,0.878301,,0.832498,,0.888281,
pretrained_organamnist_dinov3_n25000,pretrained,32,4,DINOv3,OrganAMNIST,25000,ViT-B,44,,,,,0.892040,,0.853397,,0.884478,
pretrained_organamnist_dinov3_n25000,pretrained,32,4,DINOv3,OrganAMNIST,25000,ViT-B,average,,,,,0.882403,0.008377,0.837572,0.013996,0.884356,0.003987
pretrained_organamnist_dinov3_n34561,pretrained,33,6,DINOv3,OrganAMNIST,34561,ViT-B,42,,,,,0.884091,,0.839928,,0.910735,
pretrained_organamnist_dinov3_n34561,pretrained,33,6,DINOv3,OrganAMNIST,34561,ViT-B,43,,,,,0.890346,,0.854366,,0.910258,
pretrained_organamnist_dinov3_n34561,pretrained,33,6,DINOv3,OrganAMNIST,34561,ViT-B,44,,,,,0.890449,,0.842269,,0.910052,
pretrained_organamnist_dinov3_n34561,pretrained,33,6,DINOv3,OrganAMNIST,34561,ViT-B,average,,,,,0.888295,0.003642,0.845521,0.007749,0.910348,0.000350
pretrained_organamnist_mae_n1000,pretrained,34,2,MAE,OrganAMNIST,1000,ViT-B,42,,,,,0.799448,,0.753608,,0.819740,
pretrained_organamnist_mae_n1000,pretrained,34,2,MAE,OrganAMNIST,1000,ViT-B,43,,,,,0.773097,,0.705625,,0.816154,
pretrained_organamnist_mae_n1000,pretrained,34,2,MAE,OrganAMNIST,1000,ViT-B,44,,,,,0.746981,,0.722125,,0.809128,
pretrained_organamnist_mae_n1000,pretrained,34,2,MAE,OrganAMNIST,1000,ViT-B,average,,,,,0.773175,0.026234,0.727120,0.024378,0.815007,0.005398
pretrained_organamnist_mae_n34561,pretrained,35,6,MAE,OrganAMNIST,34561,ViT-B,42,,,,,0.891893,,0.870108,,0.910380,
pretrained_organamnist_mae_n34561,pretrained,35,6,MAE,OrganAMNIST,34561,ViT-B,43,,,,,0.893686,,0.879535,,0.911523,
pretrained_organamnist_mae_n34561,pretrained,35,6,MAE,OrganAMNIST,34561,ViT-B,44,,,,,0.889384,,0.867017,,0.908225,
pretrained_organamnist_mae_n34561,pretrained,35,6,MAE,OrganAMNIST,34561,ViT-B,average,,,,,0.891655,0.002161,0.872220,0.006521,0.910042,0.001674
pretrained_organamnist_clip_n1000,pretrained,36,2,CLIP,OrganAMNIST,1000,ViT-B,42,,,,,0.702005,,0.697009,,0.774255,
pretrained_organamnist_clip_n1000,pretrained,36,2,CLIP,OrganAMNIST,1000,ViT-B,43,,,,,0.707959,,0.645858,,0.765487,
pretrained_organamnist_clip_n1000,pretrained,36,2,CLIP,OrganAMNIST,1000,ViT-B,44,,,,,0.706992,,0.657091,,0.771350,
pretrained_organamnist_clip_n1000,pretrained,36,2,CLIP,OrganAMNIST,1000,ViT-B,average,,,,,0.705652,0.003195,0.666653,0.026883,0.770364,0.004466
pretrained_organamnist_clip_n34561,pretrained,37,6,CLIP,OrganAMNIST,34561,ViT-B,42,,,,,0.871359,,0.848065,,0.913593,
pretrained_organamnist_clip_n34561,pretrained,37,6,CLIP,OrganAMNIST,34561,ViT-B,43,,,,,0.868457,,0.844302,,0.931890,
pretrained_organamnist_clip_n34561,pretrained,37,6,CLIP,OrganAMNIST,34561,ViT-B,44,,,,,0.869217,,0.832416,,0.920614,
pretrained_organamnist_clip_n34561,pretrained,37,6,CLIP,OrganAMNIST,34561,ViT-B,average,,,,,0.869678,0.001505,0.841594,0.008168,0.922032,0.009231
pretrained_pathmnist_dinov3_n100,pretrained,38,2,DINOv3,PathMNIST,100,ViT-B,42,,,,,0.730272,,0.817467,,0.881679,
pretrained_pathmnist_dinov3_n100,pretrained,38,2,DINOv3,PathMNIST,100,ViT-B,43,,,,,0.599769,,0.764616,,0.881470,
pretrained_pathmnist_dinov3_n100,pretrained,38,2,DINOv3,PathMNIST,100,ViT-B,44,,,,,0.622779,,0.810710,,0.853947,
pretrained_pathmnist_dinov3_n100,pretrained,38,2,DINOv3,PathMNIST,100,ViT-B,average,,,,,0.650940,0.069660,0.797597,0.028762,0.872365,0.015951
pretrained_pathmnist_dinov3_n500,pretrained,39,2,DINOv3,PathMNIST,500,ViT-B,42,,,,,0.880386,,0.902026,,0.913483,
pretrained_pathmnist_dinov3_n500,pretrained,39,2,DINOv3,PathMNIST,500,ViT-B,43,,,,,0.853553,,0.895361,,0.905091,
pretrained_pathmnist_dinov3_n500,pretrained,39,2,DINOv3,PathMNIST,500,ViT-B,44,,,,,0.890789,,0.891632,,0.915336,
pretrained_pathmnist_dinov3_n500,pretrained,39,2,DINOv3,PathMNIST,500,ViT-B,average,,,,,0.874909,0.019213,0.896340,0.005266,0.911304,0.005459
pretrained_pathmnist_dinov3_n1000,pretrained,40,2,DINOv3,PathMNIST,1000,ViT-B,42,,,,,0.895644,,0.906330,,0.918807,
pretrained_pathmnist_dinov3_n1000,pretrained,40,2,DINOv3,PathMNIST,1000,ViT-B,43,,,,,0.907448,,0.886671,,0.918260,
pretrained_pathmnist_dinov3_n1000,pretrained,40,2,DINOv3,PathMNIST,1000,ViT-B,44,,,,,0.904090,,0.897248,,0.923637,
pretrained_pathmnist_dinov3_n1000,pretrained,40,2,DINOv3,PathMNIST,1000,ViT-B,average,,,,,0.902394,0.006082,0.896750,0.009839,0.920234,0.002959
pretrained_pathmnist_dinov3_n10000,pretrained,41,4,DINOv3,PathMNIST,10000,ViT-B,42,,,,,0.918088,,0.910126,,0.933089,
pretrained_pathmnist_dinov3_n10000,pretrained,41,4,DINOv3,PathMNIST,10000,ViT-B,43,,,,,0.918999,,0.910736,,0.933358,
pretrained_pathmnist_dinov3_n10000,pretrained,41,4,DINOv3,PathMNIST,10000,ViT-B,44,,,,,0.913240,,0.902786,,0.935828,
pretrained_pathmnist_dinov3_n10000,pretrained,41,4,DINOv3,PathMNIST,10000,ViT-B,average,,,,,0.916776,0.003096,0.907882,0.004424,0.934091,0.001510
pretrained_pathmnist_dinov3_n89996,pretrained,43,-1,DINOv3,PathMNIST,89996,ViT-B,42,,,,,0.890078,,0.892164,,0.946348,
pretrained_pathmnist_dinov3_n89996,pretrained,43,-1,DINOv3,PathMNIST,89996,ViT-B,43,,,,,0.908925,,0.910938,,0.954145,
pretrained_pathmnist_dinov3_n89996,pretrained,43,-1,DINOv3,PathMNIST,89996,ViT-B,44,,,,,0.857715,,0.875421,,0.949820,
pretrained_pathmnist_dinov3_n89996,pretrained,43,-1,DINOv3,PathMNIST,89996,ViT-B,average,,,,,0.885572,0.025901,0.892841,0.017768,0.950104,0.003906
pretrained_pathmnist_mae_n1000,pretrained,44,2,MAE,PathMNIST,1000,ViT-B,42,,,,,0.817203,,0.881513,,0.890428,
pretrained_pathmnist_mae_n1000,pretrained,44,2,MAE,PathMNIST,1000,ViT-B,43,,,,,0.811000,,0.838918,,0.921499,
pretrained_pathmnist_mae_n1000,pretrained,44,2,MAE,PathMNIST,1000,ViT-B,44,,,,,0.815039,,0.879634,,0.926818,
pretrained_pathmnist_mae_n1000,pretrained,44,2,MAE,PathMNIST,1000,ViT-B,average,,,,,0.814414,0.003148,0.866688,0.024068,0.912915,0.019655
pretrained_pathmnist_clip_n1000,pretrained,46,2,CLIP,PathMNIST,1000,ViT-B,42,,,,,0.843861,,0.877466,,0.910618,
pretrained_pathmnist_clip_n1000,pretrained,46,2,CLIP,PathMNIST,1000,ViT-B,43,,,,,0.858463,,0.871180,,0.920898,
pretrained_pathmnist_clip_n1000,pretrained,46,2,CLIP,PathMNIST,1000,ViT-B,44,,,,,0.864053,,0.888593,,0.908753,
pretrained_pathmnist_clip_n1000,pretrained,46,2,CLIP,PathMNIST,1000,ViT-B,average,,,,,0.855459,0.010426,0.879079,0.008818,0.913423,0.006540
pretrained_pathmnist_clip_n89996,pretrained,47,-1,CLIP,PathMNIST,89996,ViT-B,42,,,,,0.905162,,0.913349,,0.946686,
pretrained_pathmnist_clip_n89996,pretrained,47,-1,CLIP,PathMNIST,89996,ViT-B,43,,,,,0.885885,,0.895073,,0.948674,
pretrained_pathmnist_clip_n89996,pretrained,47,-1,CLIP,PathMNIST,89996,ViT-B,44,,,,,0.896220,,0.905618,,0.944797,
pretrained_pathmnist_clip_n89996,pretrained,47,-1,CLIP,PathMNIST,89996,ViT-B,average,,,,,0.895756,0.009647,0.904680,0.009174,0.946719,0.001938
pretrained_galaxy10_dinov3_n100,pretrained,48,2,DINOv3,Galaxy10,100,ViT-B,42,,,,,0.377898,,0.363509,,0.523333,
pretrained_galaxy10_dinov3_n100,pretrained,48,2,DINOv3,Galaxy10,100,ViT-B,43,,,,,0.342072,,0.388571,,0.529229,
pretrained_galaxy10_dinov3_n100,pretrained,48,2,DINOv3,Galaxy10,100,ViT-B,44,,,,,0.308350,,0.350338,,0.511230,
pretrained_galaxy10_dinov3_n100,pretrained,48,2,DINOv3,Galaxy10,100,ViT-B,average,,,,,0.342774,0.034779,0.367472,0.019422,0.521264,0.009176
pretrained_galaxy10_dinov3_n500,pretrained,49,2,DINOv3,Galaxy10,500,ViT-B,42,,,,,0.474370,,0.565554,,0.642737,
pretrained_galaxy10_dinov3_n500,pretrained,49,2,DINOv3,Galaxy10,500,ViT-B,43,,,,,0.451640,,0.541918,,0.637287,
pretrained_galaxy10_dinov3_n500,pretrained,49,2,DINOv3,Galaxy10,500,ViT-B,44,,,,,0.423189,,0.561134,,0.665450,
pretrained_galaxy10_dinov3_n500,pretrained,49,2,DINOv3,Galaxy10,500,ViT-B,average,,,,,0.449733,0.025644,0.556202,0.012566,0.648491,0.014937
pretrained_galaxy10_dinov3_n1000,pretrained,50,2,DINOv3,Galaxy10,1000,ViT-B,42,,,,,0.493855,,0.630635,,0.680154,
pretrained_galaxy10_dinov3_n1000,pretrained,50,2,DINOv3,Galaxy10,1000,ViT-B,43,,,,,0.494464,,0.600394,,0.682238,
pretrained_galaxy10_dinov3_n1000,pretrained,50,2,DINOv3,Galaxy10,1000,ViT-B,44,,,,,0.468999,,0.614078,,0.711212,
pretrained_galaxy10_dinov3_n1000,pretrained,50,2,DINOv3,Galaxy10,1000,ViT-B,average,,,,,0.485773,0.014530,0.615035,0.015143,0.691201,0.017361
pretrained_galaxy10_dinov3_n10000,pretrained,51,4,DINOv3,Galaxy10,10000,ViT-B,42,,,,,0.641882,,0.724839,,0.800089,
pretrained_galaxy10_dinov3_n10000,pretrained,51,4,DINOv3,Galaxy10,10000,ViT-B,43,,,,,0.631115,,0.716643,,0.780460,
pretrained_galaxy10_dinov3_n10000,pretrained,51,4,DINOv3,Galaxy10,10000,ViT-B,44,,,,,0.637120,,0.738427,,0.800343,
pretrained_galaxy10_dinov3_n10000,pretrained,51,4,DINOv3,Galaxy10,10000,ViT-B,average,,,,,0.636706,0.005396,0.726636,0.011003,0.793630,0.011407
pretrained_galaxy10_dinov3_n14188,pretrained,52,4,DINOv3,Galaxy10,14188,ViT-B,42,,,,,0.654710,,0.734311,,0.792290,
pretrained_galaxy10_dinov3_n14188,pretrained,52,4,DINOv3,Galaxy10,14188,ViT-B,43,,,,,0.645779,,0.729421,,0.795672,
pretrained_galaxy10_dinov3_n14188,pretrained,52,4,DINOv3,Galaxy10,14188,ViT-B,44,,,,,0.657298,,0.743551,,0.799554,
pretrained_galaxy10_dinov3_n14188,pretrained,52,4,DINOv3,Galaxy10,14188,ViT-B,average,,,,,0.652596,0.006044,0.735761,0.007176,0.795839,0.003635
pretrained_galaxy10_mae_n1000,pretrained,53,2,MAE,Galaxy10,1000,ViT-B,42,,,,,0.446786,,0.473891,,0.691797,
pretrained_galaxy10_mae_n1000,pretrained,53,2,MAE,Galaxy10,1000,ViT-B,43,,,,,0.417501,,0.482208,,0.655686,
pretrained_galaxy10_mae_n1000,pretrained,53,2,MAE,Galaxy10,1000,ViT-B,44,,,,,0.398173,,0.473304,,0.684685,
pretrained_galaxy10_mae_n1000,pretrained,53,2,MAE,Galaxy10,1000,ViT-B,average,,,,,0.420820,0.024476,0.476468,0.004980,0.677389,0.019129
pretrained_galaxy10_mae_n14188,pretrained,54,4,MAE,Galaxy10,14188,ViT-B,42,,,,,0.602284,,0.645664,,0.798285,
pretrained_galaxy10_mae_n14188,pretrained,54,4,MAE,Galaxy10,14188,ViT-B,43,,,,,0.579801,,0.619040,,0.795674,
pretrained_galaxy10_mae_n14188,pretrained,54,4,MAE,Galaxy10,14188,ViT-B,44,,,,,0.583131,,0.635878,,0.799312,
pretrained_galaxy10_mae_n14188,pretrained,54,4,MAE,Galaxy10,14188,ViT-B,average,,,,,0.588405,0.012134,0.633528,0.013467,0.797757,0.001876
pretrained_galaxy10_clip_n1000,pretrained,55,2,CLIP,Galaxy10,1000,ViT-B,42,,,,,0.424642,,0.497780,,0.615115,
pretrained_galaxy10_clip_n1000,pretrained,55,2,CLIP,Galaxy10,1000,ViT-B,43,,,,,0.405009,,0.488971,,0.602449,
pretrained_galaxy10_clip_n1000,pretrained,55,2,CLIP,Galaxy10,1000,ViT-B,44,,,,,0.408265,,0.496994,,0.595921,
pretrained_galaxy10_clip_n1000,pretrained,55,2,CLIP,Galaxy10,1000,ViT-B,average,,,,,0.412639,0.010522,0.494582,0.004875,0.604495,0.009759
pretrained_galaxy10_clip_n14188,pretrained,56,4,CLIP,Galaxy10,14188,ViT-B,42,,,,,0.607982,,0.663763,,0.778694,
pretrained_galaxy10_clip_n14188,pretrained,56,4,CLIP,Galaxy10,14188,ViT-B,43,,,,,0.597655,,0.650554,,0.780511,
pretrained_galaxy10_clip_n14188,pretrained,56,4,CLIP,Galaxy10,14188,ViT-B,44,,,,,0.618932,,0.660445,,0.770639,
pretrained_galaxy10_clip_n14188,pretrained,56,4,CLIP,Galaxy10,14188,ViT-B,average,,,,,0.608190,0.010640,0.658254,0.006871,0.776615,0.005254
pretrained_food101_dinov3_n101,pretrained,57,2,DINOv3,Food101,101,ViT-B,42,,,,,0.535180,,0.462947,,0.422616,
pretrained_food101_dinov3_n101,pretrained,57,2,DINOv3,Food101,101,ViT-B,43,,,,,0.578212,,0.460689,,0.442134,
pretrained_food101_dinov3_n101,pretrained,57,2,DINOv3,Food101,101,ViT-B,44,,,,,0.543994,,0.464601,,0.411570,
pretrained_food101_dinov3_n101,pretrained,57,2,DINOv3,Food101,101,ViT-B,average,,,,,0.552462,0.022732,0.462746,0.001964,0.425440,0.015477
pretrained_food101_dinov3_n500,pretrained,58,2,DINOv3,Food101,500,ViT-B,42,,,,,0.552883,,0.696434,,0.742911,
pretrained_food101_dinov3_n500,pretrained,58,2,DINOv3,Food101,500,ViT-B,43,,,,,0.560784,,0.688502,,0.748274,
pretrained_food101_dinov3_n500,pretrained,58,2,DINOv3,Food101,500,ViT-B,44,,,,,0.545854,,0.710854,,0.744076,
pretrained_food101_dinov3_n500,pretrained,58,2,DINOv3,Food101,500,ViT-B,average,,,,,0.553174,0.007469,0.698597,0.011332,0.745087,0.002821
pretrained_food101_dinov3_n1000,pretrained,59,2,DINOv3,Food101,1000,ViT-B,42,,,,,0.587475,,0.750787,,0.808308,
pretrained_food101_dinov3_n1000,pretrained,59,2,DINOv3,Food101,1000,ViT-B,43,,,,,0.593526,,0.741546,,0.815349,
pretrained_food101_dinov3_n1000,pretrained,59,2,DINOv3,Food101,1000,ViT-B,44,,,,,0.608599,,0.755344,,0.816003,
pretrained_food101_dinov3_n1000,pretrained,59,2,DINOv3,Food101,1000,ViT-B,average,,,,,0.596534,0.010878,0.749225,0.007030,0.813220,0.004266
pretrained_food101_dinov3_n10000,pretrained,60,4,DINOv3,Food101,10000,ViT-B,42,,,,,0.757687,,0.838492,,0.904674,
pretrained_food101_dinov3_n10000,pretrained,60,4,DINOv3,Food101,10000,ViT-B,43,,,,,0.760353,,0.841071,,0.907107,
pretrained_food101_dinov3_n10000,pretrained,60,4,DINOv3,Food101,10000,ViT-B,44,,,,,0.764398,,0.837663,,0.904990,
pretrained_food101_dinov3_n10000,pretrained,60,4,DINOv3,Food101,10000,ViT-B,average,,,,,0.760812,0.003379,0.839075,0.001777,0.905591,0.001323
pretrained_food101_dinov3_n25000,pretrained,61,4,DINOv3,Food101,25000,ViT-B,42,,,,,0.829835,,0.877626,,0.925465,
pretrained_food101_dinov3_n25000,pretrained,61,4,DINOv3,Food101,25000,ViT-B,43,,,,,0.834403,,0.882281,,0.927509,
pretrained_food101_dinov3_n25000,pretrained,61,4,DINOv3,Food101,25000,ViT-B,44,,,,,0.831992,,0.878031,,0.926941,
pretrained_food101_dinov3_n25000,pretrained,61,4,DINOv3,Food101,25000,ViT-B,average,,,,,0.832077,0.002285,0.879313,0.002578,0.926638,0.001055
pretrained_food101_mae_n1000,pretrained,63,2,MAE,Food101,1000,ViT-B,42,,,,,0.113471,,0.224592,,0.439254,
pretrained_food101_mae_n1000,pretrained,63,2,MAE,Food101,1000,ViT-B,43,,,,,0.107821,,0.219930,,0.432078,
pretrained_food101_mae_n1000,pretrained,63,2,MAE,Food101,1000,ViT-B,44,,,,,0.099685,,0.217234,,0.438574,
pretrained_food101_mae_n1000,pretrained,63,2,MAE,Food101,1000,ViT-B,average,,,,,0.106992,0.006930,0.220585,0.003723,0.436635,0.003961
pretrained_food101_mae_n75750,pretrained,64,-1,MAE,Food101,75750,ViT-B,42,,,,,0.695459,,0.769941,,0.868014,
pretrained_food101_mae_n75750,pretrained,64,-1,MAE,Food101,75750,ViT-B,43,,,,,0.688579,,0.765709,,0.871734,
pretrained_food101_mae_n75750,pretrained,64,-1,MAE,Food101,75750,ViT-B,44,,,,,0.691559,,0.765426,,0.869146,
pretrained_food101_mae_n75750,pretrained,64,-1,MAE,Food101,75750,ViT-B,average,,,,,0.691866,0.003450,0.767025,0.002529,0.869632,0.001907
pretrained_food101_clip_n1000,pretrained,65,2,CLIP,Food101,1000,ViT-B,42,,,,,0.362598,,0.555810,,0.734663,
pretrained_food101_clip_n1000,pretrained,65,2,CLIP,Food101,1000,ViT-B,43,,,,,0.373733,,0.548334,,0.706664,
pretrained_food101_clip_n1000,pretrained,65,2,CLIP,Food101,1000,ViT-B,44,,,,,0.398650,,0.575883,,0.717274,
pretrained_food101_clip_n1000,pretrained,65,2,CLIP,Food101,1000,ViT-B,average,,,,,0.378327,0.018460,0.560009,0.014246,0.719534,0.014136
pretrained_food101_clip_n75750,pretrained,66,-1,CLIP,Food101,75750,ViT-B,42,,,,,0.728925,,0.769159,,0.848568,
pretrained_food101_clip_n75750,pretrained,66,-1,CLIP,Food101,75750,ViT-B,43,,,,,0.730644,,0.772579,,0.848547,
pretrained_food101_clip_n75750,pretrained,66,-1,CLIP,Food101,75750,ViT-B,44,,,,,0.728750,,0.771517,,0.850504,
pretrained_food101_clip_n75750,pretrained,66,-1,CLIP,Food101,75750,ViT-B,average,,,,,0.729440,0.001047,0.771085,0.001751,0.849206,0.001124
pretrained_fgvc_aircraft_dinov3_n100,pretrained,67,2,DINOv3,FGVC_Aircraft,100,ViT-B,42,,,,,0.346601,,0.270929,,0.221964,
pretrained_fgvc_aircraft_dinov3_n100,pretrained,67,2,DINOv3,FGVC_Aircraft,100,ViT-B,43,,,,,0.330025,,0.249046,,0.229513,
pretrained_fgvc_aircraft_dinov3_n100,pretrained,67,2,DINOv3,FGVC_Aircraft,100,ViT-B,44,,,,,0.369556,,0.263846,,0.212053,
pretrained_fgvc_aircraft_dinov3_n100,pretrained,67,2,DINOv3,FGVC_Aircraft,100,ViT-B,average,,,,,0.348728,0.019851,0.261274,0.011166,0.221177,0.008757
pretrained_fgvc_aircraft_dinov3_n500,pretrained,68,2,DINOv3,FGVC_Aircraft,500,ViT-B,42,,,,,0.262645,,0.416309,,0.534253,
pretrained_fgvc_aircraft_dinov3_n500,pretrained,68,2,DINOv3,FGVC_Aircraft,500,ViT-B,43,,,,,0.284674,,0.395828,,0.542996,
pretrained_fgvc_aircraft_dinov3_n500,pretrained,68,2,DINOv3,FGVC_Aircraft,500,ViT-B,44,,,,,0.266185,,0.385749,,0.513505,
pretrained_fgvc_aircraft_dinov3_n500,pretrained,68,2,DINOv3,FGVC_Aircraft,500,ViT-B,average,,,,,0.271168,0.011829,0.399295,0.015572,0.530252,0.015147
pretrained_fgvc_aircraft_dinov3_n1000,pretrained,69,2,DINOv3,FGVC_Aircraft,1000,ViT-B,42,,,,,0.278923,,0.495394,,0.674816,
pretrained_fgvc_aircraft_dinov3_n1000,pretrained,69,2,DINOv3,FGVC_Aircraft,1000,ViT-B,43,,,,,0.290484,,0.472685,,0.698705,
pretrained_fgvc_aircraft_dinov3_n1000,pretrained,69,2,DINOv3,FGVC_Aircraft,1000,ViT-B,44,,,,,0.283092,,0.457445,,0.679518,
pretrained_fgvc_aircraft_dinov3_n1000,pretrained,69,2,DINOv3,FGVC_Aircraft,1000,ViT-B,average,,,,,0.284166,0.005855,0.475175,0.019097,0.684346,0.012656
pretrained_fgvc_aircraft_mae_n1000,pretrained,71,2,MAE,FGVC_Aircraft,1000,ViT-B,42,,,,,0.083643,,0.112633,,0.430137,
pretrained_fgvc_aircraft_mae_n1000,pretrained,71,2,MAE,FGVC_Aircraft,1000,ViT-B,43,,,,,0.094944,,0.117155,,0.417846,
pretrained_fgvc_aircraft_mae_n1000,pretrained,71,2,MAE,FGVC_Aircraft,1000,ViT-B,44,,,,,0.077235,,0.111798,,0.424139,
pretrained_fgvc_aircraft_mae_n1000,pretrained,71,2,MAE,FGVC_Aircraft,1000,ViT-B,average,,,,,0.085274,0.008966,0.113862,0.002883,0.424040,0.006146
pretrained_fgvc_aircraft_clip_n1000,pretrained,73,2,CLIP,FGVC_Aircraft,1000,ViT-B,42,,,,,0.210519,,0.273348,,0.419659,
pretrained_fgvc_aircraft_clip_n1000,pretrained,73,2,CLIP,FGVC_Aircraft,1000,ViT-B,43,,,,,0.202607,,0.256982,,0.416088,
pretrained_fgvc_aircraft_clip_n1000,pretrained,73,2,CLIP,FGVC_Aircraft,1000,ViT-B,44,,,,,0.199447,,0.256925,,0.393335,
pretrained_fgvc_aircraft_clip_n1000,pretrained,73,2,CLIP,FGVC_Aircraft,1000,ViT-B,average,,,,,0.204191,0.005704,0.262418,0.009466,0.409694,0.014279
random_dermamnist_scratch_n100,random,296,2,SCRATCH,DermaMNIST,100,ViT-B,42,,,,,0.164959,,0.205858,,0.239711,
random_dermamnist_scratch_n100,random,296,2,SCRATCH,DermaMNIST,100,ViT-B,43,,,,,0.130091,,0.198503,,0.232284,
random_dermamnist_scratch_n100,random,296,2,SCRATCH,DermaMNIST,100,ViT-B,44,,,,,0.144113,,0.224953,,0.235942,
random_dermamnist_scratch_n100,random,296,2,SCRATCH,DermaMNIST,100,ViT-B,average,,,,,0.146388,0.017545,0.209772,0.013652,0.235979,0.003714
random_dermamnist_scratch_n500,random,297,2,SCRATCH,DermaMNIST,500,ViT-B,42,,,,,0.226653,,0.238893,,0.387167,
random_dermamnist_scratch_n500,random,297,2,SCRATCH,DermaMNIST,500,ViT-B,43,,,,,0.184826,,0.242434,,0.378337,
random_dermamnist_scratch_n500,random,297,2,SCRATCH,DermaMNIST,500,ViT-B,44,,,,,0.228670,,0.292580,,0.399992,
random_dermamnist_scratch_n500,random,297,2,SCRATCH,DermaMNIST,500,ViT-B,average,,,,,0.213383,0.024752,0.257969,0.030027,0.388499,0.010889
random_dermamnist_scratch_n1000,random,298,2,SCRATCH,DermaMNIST,1000,ViT-B,42,,,,,0.228706,,0.281755,,0.472595,
random_dermamnist_scratch_n1000,random,298,2,SCRATCH,DermaMNIST,1000,ViT-B,43,,,,,0.226262,,0.270321,,0.453287,
random_dermamnist_scratch_n1000,random,298,2,SCRATCH,DermaMNIST,1000,ViT-B,44,,,,,0.262888,,0.281414,,0.470764,
random_dermamnist_scratch_n1000,random,298,2,SCRATCH,DermaMNIST,1000,ViT-B,average,,,,,0.239285,0.020477,0.277830,0.006505,0.465549,0.010658
random_dermamnist_scratch_n7007,random,299,4,SCRATCH,DermaMNIST,7007,ViT-B,42,,,,,0.383852,,0.426049,,0.675601,
random_dermamnist_scratch_n7007,random,299,4,SCRATCH,DermaMNIST,7007,ViT-B,43,,,,,0.397267,,0.404343,,0.676865,
random_dermamnist_scratch_n7007,random,299,4,SCRATCH,DermaMNIST,7007,ViT-B,44,,,,,0.372859,,0.401178,,0.688122,
random_dermamnist_scratch_n7007,random,299,4,SCRATCH,DermaMNIST,7007,ViT-B,average,,,,,0.384659,0.012224,0.410523,0.013538,0.680196,0.006893
random_breastmnist_scratch_n100,random,300,2,SCRATCH,BreastMNIST,100,ViT-B,42,,,,,0.446104,,0.562712,,0.626512,
random_breastmnist_scratch_n100,random,300,2,SCRATCH,BreastMNIST,100,ViT-B,43,,,,,0.488599,,0.592551,,0.581424,
random_breastmnist_scratch_n100,random,300,2,SCRATCH,BreastMNIST,100,ViT-B,44,,,,,0.439032,,0.543457,,0.674360,
random_breastmnist_scratch_n100,random,300,2,SCRATCH,BreastMNIST,100,ViT-B,average,,,,,0.457912,0.026810,0.566240,0.024736,0.627432,0.046475
random_breastmnist_scratch_n500,random,301,2,SCRATCH,BreastMNIST,500,ViT-B,42,,,,,0.630022,,0.601619,,0.755545,
random_breastmnist_scratch_n500,random,301,2,SCRATCH,BreastMNIST,500,ViT-B,43,,,,,0.698065,,0.601619,,0.729167,
random_breastmnist_scratch_n500,random,301,2,SCRATCH,BreastMNIST,500,ViT-B,44,,,,,0.685484,,0.613362,,0.748792,
random_breastmnist_scratch_n500,random,301,2,SCRATCH,BreastMNIST,500,ViT-B,average,,,,,0.671190,0.036203,0.605534,0.006780,0.744501,0.013703
random_breastmnist_scratch_n546,random,302,2,SCRATCH,BreastMNIST,546,ViT-B,42,,,,,0.663771,,0.579515,,0.724398,
random_breastmnist_scratch_n546,random,302,2,SCRATCH,BreastMNIST,546,ViT-B,43,,,,,0.731497,,0.515528,,0.769702,
random_breastmnist_scratch_n546,random,302,2,SCRATCH,BreastMNIST,546,ViT-B,44,,,,,0.671830,,0.486471,,0.748792,
random_breastmnist_scratch_n546,random,302,2,SCRATCH,BreastMNIST,546,ViT-B,average,,,,,0.689033,0.036995,0.527171,0.047602,0.747631,0.022674
random_octmnist_scratch_n100,random,303,2,SCRATCH,OctMNIST,100,ViT-B,42,,,,,0.238778,,0.265492,,0.495712,
random_octmnist_scratch_n100,random,303,2,SCRATCH,OctMNIST,100,ViT-B,43,,,,,0.235285,,0.249779,,0.430142,
random_octmnist_scratch_n100,random,303,2,SCRATCH,OctMNIST,100,ViT-B,44,,,,,0.239393,,0.294940,,0.430388,
random_octmnist_scratch_n100,random,303,2,SCRATCH,OctMNIST,100,ViT-B,average,,,,,0.237819,0.002216,0.270070,0.022926,0.452081,0.037786
random_octmnist_scratch_n500,random,304,2,SCRATCH,OctMNIST,500,ViT-B,42,,,,,0.308077,,0.416731,,0.624593,
random_octmnist_scratch_n500,random,304,2,SCRATCH,OctMNIST,500,ViT-B,43,,,,,0.285852,,0.370227,,0.591648,
random_octmnist_scratch_n500,random,304,2,SCRATCH,OctMNIST,500,ViT-B,44,,,,,0.309582,,0.386000,,0.566370,
random_octmnist_scratch_n500,random,304,2,SCRATCH,OctMNIST,500,ViT-B,average,,,,,0.301170,0.013288,0.390986,0.023650,0.594204,0.029196
random_octmnist_scratch_n1000,random,305,2,SCRATCH,OctMNIST,1000,ViT-B,42,,,,,0.311623,,0.438797,,0.655227,
random_octmnist_scratch_n1000,random,305,2,SCRATCH,OctMNIST,1000,ViT-B,43,,,,,0.308928,,0.419714,,0.667447,
random_octmnist_scratch_n1000,random,305,2,SCRATCH,OctMNIST,1000,ViT-B,44,,,,,0.314866,,0.421250,,0.637640,
random_octmnist_scratch_n1000,random,305,2,SCRATCH,OctMNIST,1000,ViT-B,average,,,,,0.311806,0.002974,0.426587,0.010602,0.653438,0.014984
random_octmnist_scratch_n10000,random,306,4,SCRATCH,OctMNIST,10000,ViT-B,42,,,,,0.434896,,0.474057,,0.798457,
random_octmnist_scratch_n10000,random,306,4,SCRATCH,OctMNIST,10000,ViT-B,43,,,,,0.394690,,0.483048,,0.817625,
random_octmnist_scratch_n10000,random,306,4,SCRATCH,OctMNIST,10000,ViT-B,44,,,,,0.433400,,0.498072,,0.814626,
random_octmnist_scratch_n10000,random,306,4,SCRATCH,OctMNIST,10000,ViT-B,average,,,,,0.420995,0.022793,0.485059,0.012133,0.810236,0.010310
random_octmnist_scratch_n25000,random,307,4,SCRATCH,OctMNIST,25000,ViT-B,42,,,,,0.701815,,0.713443,,0.831961,
random_octmnist_scratch_n25000,random,307,4,SCRATCH,OctMNIST,25000,ViT-B,43,,,,,0.695861,,0.674034,,0.855930,
random_octmnist_scratch_n25000,random,307,4,SCRATCH,OctMNIST,25000,ViT-B,44,,,,,0.680901,,0.705072,,0.842008,
random_octmnist_scratch_n25000,random,307,4,SCRATCH,OctMNIST,25000,ViT-B,average,,,,,0.692859,0.010776,0.697516,0.020762,0.843300,0.012037
random_organamnist_scratch_n100,random,309,2,SCRATCH,OrganAMNIST,100,ViT-B,42,,,,,0.382458,,0.366916,,0.474467,
random_organamnist_scratch_n100,random,309,2,SCRATCH,OrganAMNIST,100,ViT-B,43,,,,,0.318340,,0.398740,,0.469492,
random_organamnist_scratch_n100,random,309,2,SCRATCH,OrganAMNIST,100,ViT-B,44,,,,,0.373995,,0.386486,,0.467053,
random_organamnist_scratch_n100,random,309,2,SCRATCH,OrganAMNIST,100,ViT-B,average,,,,,0.358265,0.034833,0.384047,0.016052,0.470337,0.003778
random_organamnist_scratch_n500,random,310,2,SCRATCH,OrganAMNIST,500,ViT-B,42,,,,,0.496915,,0.497916,,0.566503,
random_organamnist_scratch_n500,random,310,2,SCRATCH,OrganAMNIST,500,ViT-B,43,,,,,0.513297,,0.487763,,0.600494,
random_organamnist_scratch_n500,random,310,2,SCRATCH,OrganAMNIST,500,ViT-B,44,,,,,0.528390,,0.455846,,0.575431,
random_organamnist_scratch_n500,random,310,2,SCRATCH,OrganAMNIST,500,ViT-B,average,,,,,0.512867,0.015742,0.480508,0.021953,0.580809,0.017622
random_organamnist_scratch_n1000,random,311,2,SCRATCH,OrganAMNIST,1000,ViT-B,42,,,,,0.581842,,0.494421,,0.647768,
random_organamnist_scratch_n1000,random,311,2,SCRATCH,OrganAMNIST,1000,ViT-B,43,,,,,0.591096,,0.503820,,0.648111,
random_organamnist_scratch_n1000,random,311,2,SCRATCH,OrganAMNIST,1000,ViT-B,44,,,,,0.576408,,0.478413,,0.650893,
random_organamnist_scratch_n1000,random,311,2,SCRATCH,OrganAMNIST,1000,ViT-B,average,,,,,0.583115,0.007426,0.492218,0.012846,0.648924,0.001714
random_organamnist_scratch_n10000,random,312,4,SCRATCH,OrganAMNIST,10000,ViT-B,42,,,,,0.807720,,0.671995,,0.805482,
random_organamnist_scratch_n10000,random,312,4,SCRATCH,OrganAMNIST,10000,ViT-B,43,,,,,0.794431,,0.661105,,0.796906,
random_organamnist_scratch_n10000,random,312,4,SCRATCH,OrganAMNIST,10000,ViT-B,44,,,,,0.796615,,0.664462,,0.800033,
random_organamnist_scratch_n10000,random,312,4,SCRATCH,OrganAMNIST,10000,ViT-B,average,,,,,0.799589,0.007126,0.665854,0.005576,0.800807,0.004340
random_organamnist_scratch_n25000,random,313,4,SCRATCH,OrganAMNIST,25000,ViT-B,42,,,,,0.836363,,0.751824,,0.810572,
random_organamnist_scratch_n25000,random,313,4,SCRATCH,OrganAMNIST,25000,ViT-B,43,,,,,0.820968,,0.736082,,0.810819,
random_organamnist_scratch_n25000,random,313,4,SCRATCH,OrganAMNIST,25000,ViT-B,44,,,,,0.828045,,0.739555,,0.806471,
random_organamnist_scratch_n25000,random,313,4,SCRATCH,OrganAMNIST,25000,ViT-B,average,,,,,0.828459,0.007706,0.742487,0.008271,0.809287,0.002442
random_organamnist_scratch_n34561,random,314,6,SCRATCH,OrganAMNIST,34561,ViT-B,42,,,,,0.845391,,0.806360,,0.834780,
random_organamnist_scratch_n34561,random,314,6,SCRATCH,OrganAMNIST,34561,ViT-B,43,,,,,0.826506,,0.790471,,0.834463,
random_organamnist_scratch_n34561,random,314,6,SCRATCH,OrganAMNIST,34561,ViT-B,44,,,,,0.848100,,0.795299,,0.829610,
random_organamnist_scratch_n34561,random,314,6,SCRATCH,OrganAMNIST,34561,ViT-B,average,,,,,0.839999,0.011763,0.797377,0.008146,0.832951,0.002898
random_pathmnist_scratch_n100,random,315,2,SCRATCH,PathMNIST,100,ViT-B,42,,,,,0.422210,,0.476010,,0.603900,
random_pathmnist_scratch_n100,random,315,2,SCRATCH,PathMNIST,100,ViT-B,43,,,,,0.419336,,0.452858,,0.640557,
random_pathmnist_scratch_n100,random,315,2,SCRATCH,PathMNIST,100,ViT-B,44,,,,,0.440892,,0.475241,,0.586443,
random_pathmnist_scratch_n100,random,315,2,SCRATCH,PathMNIST,100,ViT-B,average,,,,,0.427479,0.011704,0.468037,0.013151,0.610300,0.027619
random_pathmnist_scratch_n500,random,316,2,SCRATCH,PathMNIST,500,ViT-B,42,,,,,0.587397,,0.565264,,0.757498,
random_pathmnist_scratch_n500,random,316,2,SCRATCH,PathMNIST,500,ViT-B,43,,,,,0.627197,,0.630735,,0.791620,
random_pathmnist_scratch_n500,random,316,2,SCRATCH,PathMNIST,500,ViT-B,44,,,,,0.594073,,0.601289,,0.747187,
random_pathmnist_scratch_n500,random,316,2,SCRATCH,PathMNIST,500,ViT-B,average,,,,,0.602889,0.021314,0.599096,0.032791,0.765435,0.023255
random_pathmnist_scratch_n1000,random,317,2,SCRATCH,PathMNIST,1000,ViT-B,42,,,,,0.660197,,0.638918,,0.796841,
random_pathmnist_scratch_n1000,random,317,2,SCRATCH,PathMNIST,1000,ViT-B,43,,,,,0.656869,,0.647908,,0.802181,
random_pathmnist_scratch_n1000,random,317,2,SCRATCH,PathMNIST,1000,ViT-B,44,,,,,0.621261,,0.626740,,0.793421,
random_pathmnist_scratch_n1000,random,317,2,SCRATCH,PathMNIST,1000,ViT-B,average,,,,,0.646109,0.021583,0.637856,0.010624,0.797481,0.004415
random_pathmnist_scratch_n10000,random,318,4,SCRATCH,PathMNIST,10000,ViT-B,42,,,,,0.838026,,0.844621,,0.912089,
random_pathmnist_scratch_n10000,random,318,4,SCRATCH,PathMNIST,10000,ViT-B,43,,,,,0.840380,,0.854105,,0.904168,
random_pathmnist_scratch_n10000,random,318,4,SCRATCH,PathMNIST,10000,ViT-B,44,,,,,0.832772,,0.846351,,0.900339,
random_pathmnist_scratch_n10000,random,318,4,SCRATCH,PathMNIST,10000,ViT-B,average,,,,,0.837060,0.003895,0.848359,0.005051,0.905532,0.005992
random_pathmnist_scratch_n25000,random,319,4,SCRATCH,PathMNIST,25000,ViT-B,42,,,,,0.893817,,0.897412,,0.918519,
random_pathmnist_scratch_n25000,random,319,4,SCRATCH,PathMNIST,25000,ViT-B,43,,,,,0.884499,,0.886725,,0.908537,
random_pathmnist_scratch_n25000,random,319,4,SCRATCH,PathMNIST,25000,ViT-B,44,,,,,0.884346,,0.897088,,0.914692,
random_pathmnist_scratch_n25000,random,319,4,SCRATCH,PathMNIST,25000,ViT-B,average,,,,,0.887554,0.005424,0.893742,0.006079,0.913916,0.005036
random_galaxy10_scratch_n100,random,321,2,SCRATCH,Galaxy10,100,ViT-B,42,,,,,0.139575,,0.121992,,0.249529,
random_galaxy10_scratch_n100,random,321,2,SCRATCH,Galaxy10,100,ViT-B,43,,,,,0.153815,,0.123278,,0.234457,
random_galaxy10_scratch_n100,random,321,2,SCRATCH,Galaxy10,100,ViT-B,44,,,,,0.126965,,0.120238,,0.237361,
random_galaxy10_scratch_n100,random,321,2,SCRATCH,Galaxy10,100,ViT-B,average,,,,,0.140118,0.013433,0.121836,0.001526,0.240449,0.007997
random_galaxy10_scratch_n500,random,322,2,SCRATCH,Galaxy10,500,ViT-B,42,,,,,0.244466,,0.245511,,0.473035,
random_galaxy10_scratch_n500,random,322,2,SCRATCH,Galaxy10,500,ViT-B,43,,,,,0.256301,,0.219892,,0.472211,
random_galaxy10_scratch_n500,random,322,2,SCRATCH,Galaxy10,500,ViT-B,44,,,,,0.237797,,0.244160,,0.478593,
random_galaxy10_scratch_n500,random,322,2,SCRATCH,Galaxy10,500,ViT-B,average,,,,,0.246188,0.009372,0.236521,0.014417,0.474613,0.003471
random_galaxy10_scratch_n1000,random,323,2,SCRATCH,Galaxy10,1000,ViT-B,42,,,,,0.266191,,0.261998,,0.539151,
random_galaxy10_scratch_n1000,random,323,2,SCRATCH,Galaxy10,1000,ViT-B,43,,,,,0.287373,,0.292814,,0.565007,
random_galaxy10_scratch_n1000,random,323,2,SCRATCH,Galaxy10,1000,ViT-B,44,,,,,0.271348,,0.282211,,0.564063,
random_galaxy10_scratch_n1000,random,323,2,SCRATCH,Galaxy10,1000,ViT-B,average,,,,,0.274971,0.011046,0.279008,0.015656,0.556073,0.014663
random_galaxy10_scratch_n10000,random,324,4,SCRATCH,Galaxy10,10000,ViT-B,42,,,,,0.503636,,0.499175,,0.749540,
random_galaxy10_scratch_n10000,random,324,4,SCRATCH,Galaxy10,10000,ViT-B,43,,,,,0.484273,,0.470716,,0.749932,
random_galaxy10_scratch_n10000,random,324,4,SCRATCH,Galaxy10,10000,ViT-B,44,,,,,0.471322,,0.460792,,0.749880,
random_galaxy10_scratch_n10000,random,324,4,SCRATCH,Galaxy10,10000,ViT-B,average,,,,,0.486410,0.016263,0.476894,0.019923,0.749784,0.000213
random_galaxy10_scratch_n14188,random,325,4,SCRATCH,Galaxy10,14188,ViT-B,42,,,,,0.511649,,0.539589,,0.757809,
random_galaxy10_scratch_n14188,random,325,4,SCRATCH,Galaxy10,14188,ViT-B,43,,,,,0.518632,,0.505048,,0.780494,
random_galaxy10_scratch_n14188,random,325,4,SCRATCH,Galaxy10,14188,ViT-B,44,,,,,0.510917,,0.524651,,0.748830,
random_galaxy10_scratch_n14188,random,325,4,SCRATCH,Galaxy10,14188,ViT-B,average,,,,,0.513733,0.004258,0.523096,0.017323,0.762378,0.016319
random_food101_scratch_n101,random,326,2,SCRATCH,Food101,101,ViT-B,42,,,,,0.013303,,0.011548,,0.014363,
random_food101_scratch_n101,random,326,2,SCRATCH,Food101,101,ViT-B,43,,,,,0.014411,,0.011457,,0.019434,
random_food101_scratch_n101,random,326,2,SCRATCH,Food101,101,ViT-B,44,,,,,0.016361,,0.013511,,0.018427,
random_food101_scratch_n101,random,326,2,SCRATCH,Food101,101,ViT-B,average,,,,,0.014692,0.001548,0.012172,0.001160,0.017408,0.002684
random_food101_scratch_n500,random,327,2,SCRATCH,Food101,500,ViT-B,42,,,,,0.019727,,0.025317,,0.044911,
random_food101_scratch_n500,random,327,2,SCRATCH,Food101,500,ViT-B,43,,,,,0.022093,,0.022669,,0.045193,
random_food101_scratch_n500,random,327,2,SCRATCH,Food101,500,ViT-B,44,,,,,0.018823,,0.020673,,0.041656,
random_food101_scratch_n500,random,327,2,SCRATCH,Food101,500,ViT-B,average,,,,,0.020214,0.001689,0.022886,0.002330,0.043920,0.001966
random_food101_scratch_n1000,random,328,2,SCRATCH,Food101,1000,ViT-B,42,,,,,0.028021,,0.030007,,0.069909,
random_food101_scratch_n1000,random,328,2,SCRATCH,Food101,1000,ViT-B,43,,,,,0.025556,,0.032585,,0.067755,
random_food101_scratch_n1000,random,328,2,SCRATCH,Food101,1000,ViT-B,44,,,,,0.024286,,0.028143,,0.064249,
random_food101_scratch_n1000,random,328,2,SCRATCH,Food101,1000,ViT-B,average,,,,,0.025954,0.001899,0.030245,0.002231,0.067304,0.002857
random_food101_scratch_n10000,random,329,4,SCRATCH,Food101,10000,ViT-B,42,,,,,0.086813,,0.129611,,0.262333,
random_food101_scratch_n10000,random,329,4,SCRATCH,Food101,10000,ViT-B,43,,,,,0.085895,,0.125070,,0.269531,
random_food101_scratch_n10000,random,329,4,SCRATCH,Food101,10000,ViT-B,44,,,,,0.082004,,0.114851,,0.264123,
random_food101_scratch_n10000,random,329,4,SCRATCH,Food101,10000,ViT-B,average,,,,,0.084904,0.002553,0.123178,0.007560,0.265329,0.003747
random_food101_scratch_n25000,random,330,4,SCRATCH,Food101,25000,ViT-B,42,,,,,0.137668,,0.203238,,0.431308,
random_food101_scratch_n25000,random,330,4,SCRATCH,Food101,25000,ViT-B,43,,,,,0.137833,,0.204298,,0.435770,
random_food101_scratch_n25000,random,330,4,SCRATCH,Food101,25000,ViT-B,44,,,,,0.139050,,0.205525,,0.434547,
random_food101_scratch_n25000,random,330,4,SCRATCH,Food101,25000,ViT-B,average,,,,,0.138184,0.000755,0.204353,0.001144,0.433875,0.002306
random_fgvc_aircraft_scratch_n100,random,332,2,SCRATCH,FGVC_Aircraft,100,ViT-B,42,,,,,0.009321,,0.011971,,0.018914,
random_fgvc_aircraft_scratch_n100,random,332,2,SCRATCH,FGVC_Aircraft,100,ViT-B,43,,,,,0.016049,,0.008675,,0.019511,
random_fgvc_aircraft_scratch_n100,random,332,2,SCRATCH,FGVC_Aircraft,100,ViT-B,44,,,,,0.016338,,0.014239,,0.019933,
random_fgvc_aircraft_scratch_n100,random,332,2,SCRATCH,FGVC_Aircraft,100,ViT-B,average,,,,,0.013903,0.003970,0.011628,0.002798,0.019453,0.000512
random_fgvc_aircraft_scratch_n500,random,333,2,SCRATCH,FGVC_Aircraft,500,ViT-B,42,,,,,0.020777,,0.018160,,0.037887,
random_fgvc_aircraft_scratch_n500,random,333,2,SCRATCH,FGVC_Aircraft,500,ViT-B,43,,,,,0.022368,,0.017658,,0.042228,
random_fgvc_aircraft_scratch_n500,random,333,2,SCRATCH,FGVC_Aircraft,500,ViT-B,44,,,,,0.024297,,0.017792,,0.042137,
random_fgvc_aircraft_scratch_n500,random,333,2,SCRATCH,FGVC_Aircraft,500,ViT-B,average,,,,,0.022480,0.001763,0.017870,0.000260,0.040751,0.002480
random_fgvc_aircraft_scratch_n1000,random,334,2,SCRATCH,FGVC_Aircraft,1000,ViT-B,42,,,,,0.025099,,0.023582,,0.052658,
random_fgvc_aircraft_scratch_n1000,random,334,2,SCRATCH,FGVC_Aircraft,1000,ViT-B,43,,,,,0.028859,,0.025555,,0.058963,
random_fgvc_aircraft_scratch_n1000,random,334,2,SCRATCH,FGVC_Aircraft,1000,ViT-B,44,,,,,0.028098,,0.024251,,0.058510,
random_fgvc_aircraft_scratch_n1000,random,334,2,SCRATCH,FGVC_Aircraft,1000,ViT-B,average,,,,,0.027352,0.001988,0.024463,0.001003,0.056710,0.003517
